work_idx,term_idx,book_id,book_order,book_canonical,collection_available,first_publication_year,year_centered_decade,work_type,is_novel_int,termo_canonico,categoria,ocorrencias,tokens_exposicao,exposure_10k,taxa_por_10k_tokens
1,1,B001,1,A Study in Scarlet,Novel,1887,-1.1583333333333257,novel,1,sherlock_holmes,personagem,96,43289,4.3289,22.177
1,2,B001,1,A Study in Scarlet,Novel,1887,-1.1583333333333257,novel,1,dr_watson,personagem,8,43289,4.3289,1.848
1,3,B001,1,A Study in Scarlet,Novel,1887,-1.1583333333333257,novel,1,professor_moriarty,personagem,0,43289,4.3289,0.0
1,4,B001,1,A Study in Scarlet,Novel,1887,-1.1583333333333257,novel,1,mycroft_holmes,personagem,0,43289,4.3289,0.0
1,5,B001,1,A Study in Scarlet,Novel,1887,-1.1583333333333257,novel,1,inspector_lestrade,personagem,47,43289,4.3289,10.857
1,6,B001,1,A Study in Scarlet,Novel,1887,-1.1583333333333257,novel,1,irene_adler,personagem,0,43289,4.3289,0.0
1,7,B001,1,A Study in Scarlet,Novel,1887,-1.1583333333333257,novel,1,mrs_hudson,personagem,0,43289,4.3289,0.0
1,8,B001,1,A Study in Scarlet,Novel,1887,-1.1583333333333257,novel,1,baker_street,lugar,6,43289,4.3289,1.386
1,9,B001,1,A Study in Scarlet,Novel,1887,-1.1583333333333257,novel,1,london,lugar,14,43289,4.3289,3.234
1,10,B001,1,A Study in Scarlet,Novel,1887,-1.1583333333333257,novel,1,deduction,tema,4,43289,4.3289,0.924
1,11,B001,1,A Study in Scarlet,Novel,1887,-1.1583333333333257,novel,1,evidence,tema,6,43289,4.3289,1.386
1,12,B001,1,A Study in Scarlet,Novel,1887,-1.1583333333333257,novel,1,crime,tema,26,43289,4.3289,6.006
2,1,B002,2,The Sign of the Four,Novel,1890,-0.8583333333333257,novel,1,sherlock_holmes,personagem,136,43050,4.305,31.591
2,2,B002,2,The Sign of the Four,Novel,1890,-0.8583333333333257,novel,1,dr_watson,personagem,24,43050,4.305,5.575
2,3,B002,2,The Sign of the Four,Novel,1890,-0.8583333333333257,novel,1,professor_moriarty,personagem,0,43050,4.305,0.0
2,4,B002,2,The Sign of the Four,Novel,1890,-0.8583333333333257,novel,1,mycroft_holmes,personagem,0,43050,4.305,0.0
2,5,B002,2,The Sign of the Four,Novel,1890,-0.8583333333333257,novel,1,inspector_lestrade,personagem,1,43050,4.305,0.232
2,6,B002,2,The Sign of the Four,Novel,1890,-0.8583333333333257,novel,1,irene_adler,personagem,0,43050,4.305,0.0
2,7,B002,2,The Sign of the Four,Novel,1890,-0.8583333333333257,novel,1,mrs_hudson,personagem,6,43050,4.305,1.394
2,8,B002,2,The Sign of the Four,Novel,1890,-0.8583333333333257,novel,1,baker_street,lugar,9,43050,4.305,2.091
2,9,B002,2,The Sign of the Four,Novel,1890,-0.8583333333333257,novel,1,london,lugar,15,43050,4.305,3.484
2,10,B002,2,The Sign of the Four,Novel,1890,-0.8583333333333257,novel,1,deduction,tema,5,43050,4.305,1.161
2,11,B002,2,The Sign of the Four,Novel,1890,-0.8583333333333257,novel,1,evidence,tema,4,43050,4.305,0.929
2,12,B002,2,The Sign of the Four,Novel,1890,-0.8583333333333257,novel,1,crime,tema,15,43050,4.305,3.484
3,1,B003,3,A Scandal in Bohemia,The Adventures of Sherlock Holmes,1891,-0.7583333333333258,short_story,0,sherlock_holmes,personagem,48,8530,0.853,56.272
3,2,B003,3,A Scandal in Bohemia,The Adventures of Sherlock Holmes,1891,-0.7583333333333258,short_story,0,dr_watson,personagem,6,8530,0.853,7.034
3,3,B003,3,A Scandal in Bohemia,The Adventures of Sherlock Holmes,1891,-0.7583333333333258,short_story,0,professor_moriarty,personagem,0,8530,0.853,0.0
3,4,B003,3,A Scandal in Bohemia,The Adventures of Sherlock Holmes,1891,-0.7583333333333258,short_story,0,mycroft_holmes,personagem,0,8530,0.853,0.0
3,5,B003,3,A Scandal in Bohemia,The Adventures of Sherlock Holmes,1891,-0.7583333333333258,short_story,0,inspector_lestrade,personagem,0,8530,0.853,0.0
3,6,B003,3,A Scandal in Bohemia,The Adventures of Sherlock Holmes,1891,-0.7583333333333258,short_story,0,irene_adler,personagem,11,8530,0.853,12.896
3,7,B003,3,A Scandal in Bohemia,The Adventures of Sherlock Holmes,1891,-0.7583333333333258,short_story,0,mrs_hudson,personagem,0,8530,0.853,0.0
3,8,B003,3,A Scandal in Bohemia,The Adventures of Sherlock Holmes,1891,-0.7583333333333258,short_story,0,baker_street,lugar,6,8530,0.853,7.034
3,9,B003,3,A Scandal in Bohemia,The Adventures of Sherlock Holmes,1891,-0.7583333333333258,short_story,0,london,lugar,3,8530,0.853,3.517
3,10,B003,3,A Scandal in Bohemia,The Adventures of Sherlock Holmes,1891,-0.7583333333333258,short_story,0,deduction,tema,2,8530,0.853,2.345
3,11,B003,3,A Scandal in Bohemia,The Adventures of Sherlock Holmes,1891,-0.7583333333333258,short_story,0,evidence,tema,0,8530,0.853,0.0
3,12,B003,3,A Scandal in Bohemia,The Adventures of Sherlock Holmes,1891,-0.7583333333333258,short_story,0,crime,tema,3,8530,0.853,3.517
4,1,B004,4,The Red-Headed League,The Adventures of Sherlock Holmes,1891,-0.7583333333333258,short_story,0,sherlock_holmes,personagem,53,9100,0.91,58.242
4,2,B004,4,The Red-Headed League,The Adventures of Sherlock Holmes,1891,-0.7583333333333258,short_story,0,dr_watson,personagem,10,9100,0.91,10.989
4,3,B004,4,The Red-Headed League,The Adventures of Sherlock Holmes,1891,-0.7583333333333258,short_story,0,professor_moriarty,personagem,0,9100,0.91,0.0
4,4,B004,4,The Red-Headed League,The Adventures of Sherlock Holmes,1891,-0.7583333333333258,short_story,0,mycroft_holmes,personagem,0,9100,0.91,0.0
4,5,B004,4,The Red-Headed League,The Adventures of Sherlock Holmes,1891,-0.7583333333333258,short_story,0,inspector_lestrade,personagem,0,9100,0.91,0.0
4,6,B004,4,The Red-Headed League,The Adventures of Sherlock Holmes,1891,-0.7583333333333258,short_story,0,irene_adler,personagem,0,9100,0.91,0.0
4,7,B004,4,The Red-Headed League,The Adventures of Sherlock Holmes,1891,-0.7583333333333258,short_story,0,mrs_hudson,personagem,0,9100,0.91,0.0
4,8,B004,4,The Red-Headed League,The Adventures of Sherlock Holmes,1891,-0.7583333333333258,short_story,0,baker_street,lugar,3,9100,0.91,3.297
4,9,B004,4,The Red-Headed League,The Adventures of Sherlock Holmes,1891,-0.7583333333333258,short_story,0,london,lugar,7,9100,0.91,7.692
4,10,B004,4,The Red-Headed League,The Adventures of Sherlock Holmes,1891,-0.7583333333333258,short_story,0,deduction,tema,0,9100,0.91,0.0
4,11,B004,4,The Red-Headed League,The Adventures of Sherlock Holmes,1891,-0.7583333333333258,short_story,0,evidence,tema,0,9100,0.91,0.0
4,12,B004,4,The Red-Headed League,The Adventures of Sherlock Holmes,1891,-0.7583333333333258,short_story,0,crime,tema,9,9100,0.91,9.89
5,1,B005,5,A Case of Identity,The Adventures of Sherlock Holmes,1891,-0.7583333333333258,short_story,0,sherlock_holmes,personagem,46,6978,0.6978,65.921
5,2,B005,5,A Case of Identity,The Adventures of Sherlock Holmes,1891,-0.7583333333333258,short_story,0,dr_watson,personagem,4,6978,0.6978,5.732
5,3,B005,5,A Case of Identity,The Adventures of Sherlock Holmes,1891,-0.7583333333333258,short_story,0,professor_moriarty,personagem,0,6978,0.6978,0.0
5,4,B005,5,A Case of Identity,The Adventures of Sherlock Holmes,1891,-0.7583333333333258,short_story,0,mycroft_holmes,personagem,0,6978,0.6978,0.0
5,5,B005,5,A Case of Identity,The Adventures of Sherlock Holmes,1891,-0.7583333333333258,short_story,0,inspector_lestrade,personagem,0,6978,0.6978,0.0
5,6,B005,5,A Case of Identity,The Adventures of Sherlock Holmes,1891,-0.7583333333333258,short_story,0,irene_adler,personagem,2,6978,0.6978,2.866
5,7,B005,5,A Case of Identity,The Adventures of Sherlock Holmes,1891,-0.7583333333333258,short_story,0,mrs_hudson,personagem,0,6978,0.6978,0.0
5,8,B005,5,A Case of Identity,The Adventures of Sherlock Holmes,1891,-0.7583333333333258,short_story,0,baker_street,lugar,2,6978,0.6978,2.866
5,9,B005,5,A Case of Identity,The Adventures of Sherlock Holmes,1891,-0.7583333333333258,short_story,0,london,lugar,1,6978,0.6978,1.433
5,10,B005,5,A Case of Identity,The Adventures of Sherlock Holmes,1891,-0.7583333333333258,short_story,0,deduction,tema,1,6978,0.6978,1.433
5,11,B005,5,A Case of Identity,The Adventures of Sherlock Holmes,1891,-0.7583333333333258,short_story,0,evidence,tema,0,6978,0.6978,0.0
5,12,B005,5,A Case of Identity,The Adventures of Sherlock Holmes,1891,-0.7583333333333258,short_story,0,crime,tema,5,6978,0.6978,7.165
6,1,B006,6,The Boscombe Valley Mystery,The Adventures of Sherlock Holmes,1891,-0.7583333333333258,short_story,0,sherlock_holmes,personagem,47,9618,0.9618,48.867
6,2,B006,6,The Boscombe Valley Mystery,The Adventures of Sherlock Holmes,1891,-0.7583333333333258,short_story,0,dr_watson,personagem,4,9618,0.9618,4.159
6,3,B006,6,The Boscombe Valley Mystery,The Adventures of Sherlock Holmes,1891,-0.7583333333333258,short_story,0,professor_moriarty,personagem,0,9618,0.9618,0.0
6,4,B006,6,The Boscombe Valley Mystery,The Adventures of Sherlock Holmes,1891,-0.7583333333333258,short_story,0,mycroft_holmes,personagem,0,9618,0.9618,0.0
6,5,B006,6,The Boscombe Valley Mystery,The Adventures of Sherlock Holmes,1891,-0.7583333333333258,short_story,0,inspector_lestrade,personagem,24,9618,0.9618,24.953
6,6,B006,6,The Boscombe Valley Mystery,The Adventures of Sherlock Holmes,1891,-0.7583333333333258,short_story,0,irene_adler,personagem,0,9618,0.9618,0.0
6,7,B006,6,The Boscombe Valley Mystery,The Adventures of Sherlock Holmes,1891,-0.7583333333333258,short_story,0,mrs_hudson,personagem,0,9618,0.9618,0.0
6,8,B006,6,The Boscombe Valley Mystery,The Adventures of Sherlock Holmes,1891,-0.7583333333333258,short_story,0,baker_street,lugar,1,9618,0.9618,1.04
6,9,B006,6,The Boscombe Valley Mystery,The Adventures of Sherlock Holmes,1891,-0.7583333333333258,short_story,0,london,lugar,2,9618,0.9618,2.079
6,10,B006,6,The Boscombe Valley Mystery,The Adventures of Sherlock Holmes,1891,-0.7583333333333258,short_story,0,deduction,tema,0,9618,0.9618,0.0
6,11,B006,6,The Boscombe Valley Mystery,The Adventures of Sherlock Holmes,1891,-0.7583333333333258,short_story,0,evidence,tema,7,9618,0.9618,7.278
6,12,B006,6,The Boscombe Valley Mystery,The Adventures of Sherlock Holmes,1891,-0.7583333333333258,short_story,0,crime,tema,5,9618,0.9618,5.199
7,1,B007,7,The Five Orange Pips,The Adventures of Sherlock Holmes,1891,-0.7583333333333258,short_story,0,sherlock_holmes,personagem,25,7313,0.7313,34.186
7,2,B007,7,The Five Orange Pips,The Adventures of Sherlock Holmes,1891,-0.7583333333333258,short_story,0,dr_watson,personagem,4,7313,0.7313,5.47
7,3,B007,7,The Five Orange Pips,The Adventures of Sherlock Holmes,1891,-0.7583333333333258,short_story,0,professor_moriarty,personagem,0,7313,0.7313,0.0
7,4,B007,7,The Five Orange Pips,The Adventures of Sherlock Holmes,1891,-0.7583333333333258,short_story,0,mycroft_holmes,personagem,0,7313,0.7313,0.0
7,5,B007,7,The Five Orange Pips,The Adventures of Sherlock Holmes,1891,-0.7583333333333258,short_story,0,inspector_lestrade,personagem,0,7313,0.7313,0.0
7,6,B007,7,The Five Orange Pips,The Adventures of Sherlock Holmes,1891,-0.7583333333333258,short_story,0,irene_adler,personagem,0,7313,0.7313,0.0
7,7,B007,7,The Five Orange Pips,The Adventures of Sherlock Holmes,1891,-0.7583333333333258,short_story,0,mrs_hudson,personagem,0,7313,0.7313,0.0
7,8,B007,7,The Five Orange Pips,The Adventures of Sherlock Holmes,1891,-0.7583333333333258,short_story,0,baker_street,lugar,2,7313,0.7313,2.735
7,9,B007,7,The Five Orange Pips,The Adventures of Sherlock Holmes,1891,-0.7583333333333258,short_story,0,london,lugar,8,7313,0.7313,10.939
7,10,B007,7,The Five Orange Pips,The Adventures of Sherlock Holmes,1891,-0.7583333333333258,short_story,0,deduction,tema,1,7313,0.7313,1.367
7,11,B007,7,The Five Orange Pips,The Adventures of Sherlock Holmes,1891,-0.7583333333333258,short_story,0,evidence,tema,1,7313,0.7313,1.367
7,12,B007,7,The Five Orange Pips,The Adventures of Sherlock Holmes,1891,-0.7583333333333258,short_story,0,crime,tema,2,7313,0.7313,2.735
8,1,B008,8,The Man with the Twisted Lip,The Adventures of Sherlock Holmes,1891,-0.7583333333333258,short_story,0,sherlock_holmes,personagem,29,9197,0.9197,31.532
8,2,B008,8,The Man with the Twisted Lip,The Adventures of Sherlock Holmes,1891,-0.7583333333333258,short_story,0,dr_watson,personagem,16,9197,0.9197,17.397
8,3,B008,8,The Man with the Twisted Lip,The Adventures of Sherlock Holmes,1891,-0.7583333333333258,short_story,0,professor_moriarty,personagem,0,9197,0.9197,0.0
8,4,B008,8,The Man with the Twisted Lip,The Adventures of Sherlock Holmes,1891,-0.7583333333333258,short_story,0,mycroft_holmes,personagem,0,9197,0.9197,0.0
8,5,B008,8,The Man with the Twisted Lip,The Adventures of Sherlock Holmes,1891,-0.7583333333333258,short_story,0,inspector_lestrade,personagem,0,9197,0.9197,0.0
8,6,B008,8,The Man with the Twisted Lip,The Adventures of Sherlock Holmes,1891,-0.7583333333333258,short_story,0,irene_adler,personagem,0,9197,0.9197,0.0
8,7,B008,8,The Man with the Twisted Lip,The Adventures of Sherlock Holmes,1891,-0.7583333333333258,short_story,0,mrs_hudson,personagem,0,9197,0.9197,0.0
8,8,B008,8,The Man with the Twisted Lip,The Adventures of Sherlock Holmes,1891,-0.7583333333333258,short_story,0,baker_street,lugar,2,9197,0.9197,2.175
8,9,B008,8,The Man with the Twisted Lip,The Adventures of Sherlock Holmes,1891,-0.7583333333333258,short_story,0,london,lugar,5,9197,0.9197,5.437
8,10,B008,8,The Man with the Twisted Lip,The Adventures of Sherlock Holmes,1891,-0.7583333333333258,short_story,0,deduction,tema,0,9197,0.9197,0.0
8,11,B008,8,The Man with the Twisted Lip,The Adventures of Sherlock Holmes,1891,-0.7583333333333258,short_story,0,evidence,tema,1,9197,0.9197,1.087
8,12,B008,8,The Man with the Twisted Lip,The Adventures of Sherlock Holmes,1891,-0.7583333333333258,short_story,0,crime,tema,4,9197,0.9197,4.349
9,1,B009,9,The Adventure of the Blue Carbuncle,The Adventures of Sherlock Holmes,1892,-0.6583333333333258,short_story,0,sherlock_holmes,personagem,38,7814,0.7814,48.631
9,2,B009,9,The Adventure of the Blue Carbuncle,The Adventures of Sherlock Holmes,1892,-0.6583333333333258,short_story,0,dr_watson,personagem,9,7814,0.7814,11.518
9,3,B009,9,The Adventure of the Blue Carbuncle,The Adventures of Sherlock Holmes,1892,-0.6583333333333258,short_story,0,professor_moriarty,personagem,0,7814,0.7814,0.0
9,4,B009,9,The Adventure of the Blue Carbuncle,The Adventures of Sherlock Holmes,1892,-0.6583333333333258,short_story,0,mycroft_holmes,personagem,0,7814,0.7814,0.0
9,5,B009,9,The Adventure of the Blue Carbuncle,The Adventures of Sherlock Holmes,1892,-0.6583333333333258,short_story,0,inspector_lestrade,personagem,0,7814,0.7814,0.0
9,6,B009,9,The Adventure of the Blue Carbuncle,The Adventures of Sherlock Holmes,1892,-0.6583333333333258,short_story,0,irene_adler,personagem,1,7814,0.7814,1.28
9,7,B009,9,The Adventure of the Blue Carbuncle,The Adventures of Sherlock Holmes,1892,-0.6583333333333258,short_story,0,mrs_hudson,personagem,1,7814,0.7814,1.28
9,8,B009,9,The Adventure of the Blue Carbuncle,The Adventures of Sherlock Holmes,1892,-0.6583333333333258,short_story,0,baker_street,lugar,3,7814,0.7814,3.839
9,9,B009,9,The Adventure of the Blue Carbuncle,The Adventures of Sherlock Holmes,1892,-0.6583333333333258,short_story,0,london,lugar,0,7814,0.7814,0.0
9,10,B009,9,The Adventure of the Blue Carbuncle,The Adventures of Sherlock Holmes,1892,-0.6583333333333258,short_story,0,deduction,tema,0,7814,0.7814,0.0
9,11,B009,9,The Adventure of the Blue Carbuncle,The Adventures of Sherlock Holmes,1892,-0.6583333333333258,short_story,0,evidence,tema,4,7814,0.7814,5.119
9,12,B009,9,The Adventure of the Blue Carbuncle,The Adventures of Sherlock Holmes,1892,-0.6583333333333258,short_story,0,crime,tema,7,7814,0.7814,8.958
10,1,B010,10,The Adventure of the Speckled Band,The Adventures of Sherlock Holmes,1892,-0.6583333333333258,short_story,0,sherlock_holmes,personagem,56,9809,0.9809,57.09
10,2,B010,10,The Adventure of the Speckled Band,The Adventures of Sherlock Holmes,1892,-0.6583333333333258,short_story,0,dr_watson,personagem,12,9809,0.9809,12.234
10,3,B010,10,The Adventure of the Speckled Band,The Adventures of Sherlock Holmes,1892,-0.6583333333333258,short_story,0,professor_moriarty,personagem,0,9809,0.9809,0.0
10,4,B010,10,The Adventure of the Speckled Band,The Adventures of Sherlock Holmes,1892,-0.6583333333333258,short_story,0,mycroft_holmes,personagem,0,9809,0.9809,0.0
10,5,B010,10,The Adventure of the Speckled Band,The Adventures of Sherlock Holmes,1892,-0.6583333333333258,short_story,0,inspector_lestrade,personagem,0,9809,0.9809,0.0
10,6,B010,10,The Adventure of the Speckled Band,The Adventures of Sherlock Holmes,1892,-0.6583333333333258,short_story,0,irene_adler,personagem,0,9809,0.9809,0.0
10,7,B010,10,The Adventure of the Speckled Band,The Adventures of Sherlock Holmes,1892,-0.6583333333333258,short_story,0,mrs_hudson,personagem,2,9809,0.9809,2.039
10,8,B010,10,The Adventure of the Speckled Band,The Adventures of Sherlock Holmes,1892,-0.6583333333333258,short_story,0,baker_street,lugar,1,9809,0.9809,1.019
10,9,B010,10,The Adventure of the Speckled Band,The Adventures of Sherlock Holmes,1892,-0.6583333333333258,short_story,0,london,lugar,1,9809,0.9809,1.019
10,10,B010,10,The Adventure of the Speckled Band,The Adventures of Sherlock Holmes,1892,-0.6583333333333258,short_story,0,deduction,tema,0,9809,0.9809,0.0
10,11,B010,10,The Adventure of the Speckled Band,The Adventures of Sherlock Holmes,1892,-0.6583333333333258,short_story,0,evidence,tema,1,9809,0.9809,1.019
10,12,B010,10,The Adventure of the Speckled Band,The Adventures of Sherlock Holmes,1892,-0.6583333333333258,short_story,0,crime,tema,3,9809,0.9809,3.058
11,1,B011,11,The Adventure of the Engineer's Thumb,The Adventures of Sherlock Holmes,1892,-0.6583333333333258,short_story,0,sherlock_holmes,personagem,14,8291,0.8291,16.886
11,2,B011,11,The Adventure of the Engineer's Thumb,The Adventures of Sherlock Holmes,1892,-0.6583333333333258,short_story,0,dr_watson,personagem,0,8291,0.8291,0.0
11,3,B011,11,The Adventure of the Engineer's Thumb,The Adventures of Sherlock Holmes,1892,-0.6583333333333258,short_story,0,professor_moriarty,personagem,0,8291,0.8291,0.0
11,4,B011,11,The Adventure of the Engineer's Thumb,The Adventures of Sherlock Holmes,1892,-0.6583333333333258,short_story,0,mycroft_holmes,personagem,0,8291,0.8291,0.0
11,5,B011,11,The Adventure of the Engineer's Thumb,The Adventures of Sherlock Holmes,1892,-0.6583333333333258,short_story,0,inspector_lestrade,personagem,0,8291,0.8291,0.0
11,6,B011,11,The Adventure of the Engineer's Thumb,The Adventures of Sherlock Holmes,1892,-0.6583333333333258,short_story,0,irene_adler,personagem,0,8291,0.8291,0.0
11,7,B011,11,The Adventure of the Engineer's Thumb,The Adventures of Sherlock Holmes,1892,-0.6583333333333258,short_story,0,mrs_hudson,personagem,0,8291,0.8291,0.0
11,8,B011,11,The Adventure of the Engineer's Thumb,The Adventures of Sherlock Holmes,1892,-0.6583333333333258,short_story,0,baker_street,lugar,2,8291,0.8291,2.412
11,9,B011,11,The Adventure of the Engineer's Thumb,The Adventures of Sherlock Holmes,1892,-0.6583333333333258,short_story,0,london,lugar,3,8291,0.8291,3.618
11,10,B011,11,The Adventure of the Engineer's Thumb,The Adventures of Sherlock Holmes,1892,-0.6583333333333258,short_story,0,deduction,tema,1,8291,0.8291,1.206
11,11,B011,11,The Adventure of the Engineer's Thumb,The Adventures of Sherlock Holmes,1892,-0.6583333333333258,short_story,0,evidence,tema,1,8291,0.8291,1.206
11,12,B011,11,The Adventure of the Engineer's Thumb,The Adventures of Sherlock Holmes,1892,-0.6583333333333258,short_story,0,crime,tema,1,8291,0.8291,1.206
12,1,B012,12,The Adventure of the Noble Bachelor,The Adventures of Sherlock Holmes,1892,-0.6583333333333258,short_story,0,sherlock_holmes,personagem,34,8122,0.8122,41.862
12,2,B012,12,The Adventure of the Noble Bachelor,The Adventures of Sherlock Holmes,1892,-0.6583333333333258,short_story,0,dr_watson,personagem,7,8122,0.8122,8.619
12,3,B012,12,The Adventure of the Noble Bachelor,The Adventures of Sherlock Holmes,1892,-0.6583333333333258,short_story,0,professor_moriarty,personagem,0,8122,0.8122,0.0
12,4,B012,12,The Adventure of the Noble Bachelor,The Adventures of Sherlock Holmes,1892,-0.6583333333333258,short_story,0,mycroft_holmes,personagem,0,8122,0.8122,0.0
12,5,B012,12,The Adventure of the Noble Bachelor,The Adventures of Sherlock Holmes,1892,-0.6583333333333258,short_story,0,inspector_lestrade,personagem,14,8122,0.8122,17.237
12,6,B012,12,The Adventure of the Noble Bachelor,The Adventures of Sherlock Holmes,1892,-0.6583333333333258,short_story,0,irene_adler,personagem,0,8122,0.8122,0.0
12,7,B012,12,The Adventure of the Noble Bachelor,The Adventures of Sherlock Holmes,1892,-0.6583333333333258,short_story,0,mrs_hudson,personagem,0,8122,0.8122,0.0
12,8,B012,12,The Adventure of the Noble Bachelor,The Adventures of Sherlock Holmes,1892,-0.6583333333333258,short_story,0,baker_street,lugar,1,8122,0.8122,1.231
12,9,B012,12,The Adventure of the Noble Bachelor,The Adventures of Sherlock Holmes,1892,-0.6583333333333258,short_story,0,london,lugar,5,8122,0.8122,6.156
12,10,B012,12,The Adventure of the Noble Bachelor,The Adventures of Sherlock Holmes,1892,-0.6583333333333258,short_story,0,deduction,tema,0,8122,0.8122,0.0
12,11,B012,12,The Adventure of the Noble Bachelor,The Adventures of Sherlock Holmes,1892,-0.6583333333333258,short_story,0,evidence,tema,2,8122,0.8122,2.462
12,12,B012,12,The Adventure of the Noble Bachelor,The Adventures of Sherlock Holmes,1892,-0.6583333333333258,short_story,0,crime,tema,1,8122,0.8122,1.231
13,1,B013,13,The Adventure of the Beryl Coronet,The Adventures of Sherlock Holmes,1892,-0.6583333333333258,short_story,0,sherlock_holmes,personagem,28,9680,0.968,28.926
13,2,B013,13,The Adventure of the Beryl Coronet,The Adventures of Sherlock Holmes,1892,-0.6583333333333258,short_story,0,dr_watson,personagem,2,9680,0.968,2.066
13,3,B013,13,The Adventure of the Beryl Coronet,The Adventures of Sherlock Holmes,1892,-0.6583333333333258,short_story,0,professor_moriarty,personagem,0,9680,0.968,0.0
13,4,B013,13,The Adventure of the Beryl Coronet,The Adventures of Sherlock Holmes,1892,-0.6583333333333258,short_story,0,mycroft_holmes,personagem,0,9680,0.968,0.0
13,5,B013,13,The Adventure of the Beryl Coronet,The Adventures of Sherlock Holmes,1892,-0.6583333333333258,short_story,0,inspector_lestrade,personagem,0,9680,0.968,0.0
13,6,B013,13,The Adventure of the Beryl Coronet,The Adventures of Sherlock Holmes,1892,-0.6583333333333258,short_story,0,irene_adler,personagem,0,9680,0.968,0.0
13,7,B013,13,The Adventure of the Beryl Coronet,The Adventures of Sherlock Holmes,1892,-0.6583333333333258,short_story,0,mrs_hudson,personagem,0,9680,0.968,0.0
13,8,B013,13,The Adventure of the Beryl Coronet,The Adventures of Sherlock Holmes,1892,-0.6583333333333258,short_story,0,baker_street,lugar,3,9680,0.968,3.099
13,9,B013,13,The Adventure of the Beryl Coronet,The Adventures of Sherlock Holmes,1892,-0.6583333333333258,short_story,0,london,lugar,3,9680,0.968,3.099
13,10,B013,13,The Adventure of the Beryl Coronet,The Adventures of Sherlock Holmes,1892,-0.6583333333333258,short_story,0,deduction,tema,0,9680,0.968,0.0
13,11,B013,13,The Adventure of the Beryl Coronet,The Adventures of Sherlock Holmes,1892,-0.6583333333333258,short_story,0,evidence,tema,0,9680,0.968,0.0
13,12,B013,13,The Adventure of the Beryl Coronet,The Adventures of Sherlock Holmes,1892,-0.6583333333333258,short_story,0,crime,tema,1,9680,0.968,1.033
14,1,B014,14,The Adventure of the Copper Beeches,The Adventures of Sherlock Holmes,1892,-0.6583333333333258,short_story,0,sherlock_holmes,personagem,44,9950,0.995,44.221
14,2,B014,14,The Adventure of the Copper Beeches,The Adventures of Sherlock Holmes,1892,-0.6583333333333258,short_story,0,dr_watson,personagem,7,9950,0.995,7.035
14,3,B014,14,The Adventure of the Copper Beeches,The Adventures of Sherlock Holmes,1892,-0.6583333333333258,short_story,0,professor_moriarty,personagem,0,9950,0.995,0.0
14,4,B014,14,The Adventure of the Copper Beeches,The Adventures of Sherlock Holmes,1892,-0.6583333333333258,short_story,0,mycroft_holmes,personagem,0,9950,0.995,0.0
14,5,B014,14,The Adventure of the Copper Beeches,The Adventures of Sherlock Holmes,1892,-0.6583333333333258,short_story,0,inspector_lestrade,personagem,0,9950,0.995,0.0
14,6,B014,14,The Adventure of the Copper Beeches,The Adventures of Sherlock Holmes,1892,-0.6583333333333258,short_story,0,irene_adler,personagem,0,9950,0.995,0.0
14,7,B014,14,The Adventure of the Copper Beeches,The Adventures of Sherlock Holmes,1892,-0.6583333333333258,short_story,0,mrs_hudson,personagem,0,9950,0.995,0.0
14,8,B014,14,The Adventure of the Copper Beeches,The Adventures of Sherlock Holmes,1892,-0.6583333333333258,short_story,0,baker_street,lugar,3,9950,0.995,3.015
14,9,B014,14,The Adventure of the Copper Beeches,The Adventures of Sherlock Holmes,1892,-0.6583333333333258,short_story,0,london,lugar,3,9950,0.995,3.015
14,10,B014,14,The Adventure of the Copper Beeches,The Adventures of Sherlock Holmes,1892,-0.6583333333333258,short_story,0,deduction,tema,2,9950,0.995,2.01
14,11,B014,14,The Adventure of the Copper Beeches,The Adventures of Sherlock Holmes,1892,-0.6583333333333258,short_story,0,evidence,tema,0,9950,0.995,0.0
14,12,B014,14,The Adventure of the Copper Beeches,The Adventures of Sherlock Holmes,1892,-0.6583333333333258,short_story,0,crime,tema,7,9950,0.995,7.035
15,1,B015,15,Silver Blaze,The Memoirs of Sherlock Holmes,1892,-0.6583333333333258,short_story,0,sherlock_holmes,personagem,51,9568,0.9568,53.303
15,2,B015,15,Silver Blaze,The Memoirs of Sherlock Holmes,1892,-0.6583333333333258,short_story,0,dr_watson,personagem,13,9568,0.9568,13.587
15,3,B015,15,Silver Blaze,The Memoirs of Sherlock Holmes,1892,-0.6583333333333258,short_story,0,professor_moriarty,personagem,0,9568,0.9568,0.0
15,4,B015,15,Silver Blaze,The Memoirs of Sherlock Holmes,1892,-0.6583333333333258,short_story,0,mycroft_holmes,personagem,0,9568,0.9568,0.0
15,5,B015,15,Silver Blaze,The Memoirs of Sherlock Holmes,1892,-0.6583333333333258,short_story,0,inspector_lestrade,personagem,0,9568,0.9568,0.0
15,6,B015,15,Silver Blaze,The Memoirs of Sherlock Holmes,1892,-0.6583333333333258,short_story,0,irene_adler,personagem,0,9568,0.9568,0.0
15,7,B015,15,Silver Blaze,The Memoirs of Sherlock Holmes,1892,-0.6583333333333258,short_story,0,mrs_hudson,personagem,0,9568,0.9568,0.0
15,8,B015,15,Silver Blaze,The Memoirs of Sherlock Holmes,1892,-0.6583333333333258,short_story,0,baker_street,lugar,0,9568,0.9568,0.0
15,9,B015,15,Silver Blaze,The Memoirs of Sherlock Holmes,1892,-0.6583333333333258,short_story,0,london,lugar,8,9568,0.9568,8.361
15,10,B015,15,Silver Blaze,The Memoirs of Sherlock Holmes,1892,-0.6583333333333258,short_story,0,deduction,tema,0,9568,0.9568,0.0
15,11,B015,15,Silver Blaze,The Memoirs of Sherlock Holmes,1892,-0.6583333333333258,short_story,0,evidence,tema,4,9568,0.9568,4.181
15,12,B015,15,Silver Blaze,The Memoirs of Sherlock Holmes,1892,-0.6583333333333258,short_story,0,crime,tema,4,9568,0.9568,4.181
16,1,B016,16,The Yellow Face,The Memoirs of Sherlock Holmes,1893,-0.5583333333333258,short_story,0,sherlock_holmes,personagem,19,7504,0.7504,25.32
16,2,B016,16,The Yellow Face,The Memoirs of Sherlock Holmes,1893,-0.5583333333333258,short_story,0,dr_watson,personagem,4,7504,0.7504,5.33
16,3,B016,16,The Yellow Face,The Memoirs of Sherlock Holmes,1893,-0.5583333333333258,short_story,0,professor_moriarty,personagem,0,7504,0.7504,0.0
16,4,B016,16,The Yellow Face,The Memoirs of Sherlock Holmes,1893,-0.5583333333333258,short_story,0,mycroft_holmes,personagem,0,7504,0.7504,0.0
16,5,B016,16,The Yellow Face,The Memoirs of Sherlock Holmes,1893,-0.5583333333333258,short_story,0,inspector_lestrade,personagem,0,7504,0.7504,0.0
16,6,B016,16,The Yellow Face,The Memoirs of Sherlock Holmes,1893,-0.5583333333333258,short_story,0,irene_adler,personagem,0,7504,0.7504,0.0
16,7,B016,16,The Yellow Face,The Memoirs of Sherlock Holmes,1893,-0.5583333333333258,short_story,0,mrs_hudson,personagem,0,7504,0.7504,0.0
16,8,B016,16,The Yellow Face,The Memoirs of Sherlock Holmes,1893,-0.5583333333333258,short_story,0,baker_street,lugar,1,7504,0.7504,1.333
16,9,B016,16,The Yellow Face,The Memoirs of Sherlock Holmes,1893,-0.5583333333333258,short_story,0,london,lugar,2,7504,0.7504,2.665
16,10,B016,16,The Yellow Face,The Memoirs of Sherlock Holmes,1893,-0.5583333333333258,short_story,0,deduction,tema,0,7504,0.7504,0.0
16,11,B016,16,The Yellow Face,The Memoirs of Sherlock Holmes,1893,-0.5583333333333258,short_story,0,evidence,tema,1,7504,0.7504,1.333
16,12,B016,16,The Yellow Face,The Memoirs of Sherlock Holmes,1893,-0.5583333333333258,short_story,0,crime,tema,0,7504,0.7504,0.0
17,1,B017,17,The Stock-Broker's Clerk,The Memoirs of Sherlock Holmes,1893,-0.5583333333333258,short_story,0,sherlock_holmes,personagem,26,6784,0.6784,38.325
17,2,B017,17,The Stock-Broker's Clerk,The Memoirs of Sherlock Holmes,1893,-0.5583333333333258,short_story,0,dr_watson,personagem,12,6784,0.6784,17.689
17,3,B017,17,The Stock-Broker's Clerk,The Memoirs of Sherlock Holmes,1893,-0.5583333333333258,short_story,0,professor_moriarty,personagem,0,6784,0.6784,0.0
17,4,B017,17,The Stock-Broker's Clerk,The Memoirs of Sherlock Holmes,1893,-0.5583333333333258,short_story,0,mycroft_holmes,personagem,0,6784,0.6784,0.0
17,5,B017,17,The Stock-Broker's Clerk,The Memoirs of Sherlock Holmes,1893,-0.5583333333333258,short_story,0,inspector_lestrade,personagem,0,6784,0.6784,0.0
17,6,B017,17,The Stock-Broker's Clerk,The Memoirs of Sherlock Holmes,1893,-0.5583333333333258,short_story,0,irene_adler,personagem,0,6784,0.6784,0.0
17,7,B017,17,The Stock-Broker's Clerk,The Memoirs of Sherlock Holmes,1893,-0.5583333333333258,short_story,0,mrs_hudson,personagem,0,6784,0.6784,0.0
17,8,B017,17,The Stock-Broker's Clerk,The Memoirs of Sherlock Holmes,1893,-0.5583333333333258,short_story,0,baker_street,lugar,1,6784,0.6784,1.474
17,9,B017,17,The Stock-Broker's Clerk,The Memoirs of Sherlock Holmes,1893,-0.5583333333333258,short_story,0,london,lugar,6,6784,0.6784,8.844
17,10,B017,17,The Stock-Broker's Clerk,The Memoirs of Sherlock Holmes,1893,-0.5583333333333258,short_story,0,deduction,tema,1,6784,0.6784,1.474
17,11,B017,17,The Stock-Broker's Clerk,The Memoirs of Sherlock Holmes,1893,-0.5583333333333258,short_story,0,evidence,tema,0,6784,0.6784,0.0
17,12,B017,17,The Stock-Broker's Clerk,The Memoirs of Sherlock Holmes,1893,-0.5583333333333258,short_story,0,crime,tema,3,6784,0.6784,4.422
18,1,B018,18,"The ""Gloria Scott""",The Memoirs of Sherlock Holmes,1893,-0.5583333333333258,short_story,0,sherlock_holmes,personagem,8,7834,0.7834,10.212
18,2,B018,18,"The ""Gloria Scott""",The Memoirs of Sherlock Holmes,1893,-0.5583333333333258,short_story,0,dr_watson,personagem,7,7834,0.7834,8.935
18,3,B018,18,"The ""Gloria Scott""",The Memoirs of Sherlock Holmes,1893,-0.5583333333333258,short_story,0,professor_moriarty,personagem,0,7834,0.7834,0.0
18,4,B018,18,"The ""Gloria Scott""",The Memoirs of Sherlock Holmes,1893,-0.5583333333333258,short_story,0,mycroft_holmes,personagem,0,7834,0.7834,0.0
18,5,B018,18,"The ""Gloria Scott""",The Memoirs of Sherlock Holmes,1893,-0.5583333333333258,short_story,0,inspector_lestrade,personagem,0,7834,0.7834,0.0
18,6,B018,18,"The ""Gloria Scott""",The Memoirs of Sherlock Holmes,1893,-0.5583333333333258,short_story,0,irene_adler,personagem,0,7834,0.7834,0.0
18,7,B018,18,"The ""Gloria Scott""",The Memoirs of Sherlock Holmes,1893,-0.5583333333333258,short_story,0,mrs_hudson,personagem,0,7834,0.7834,0.0
18,8,B018,18,"The ""Gloria Scott""",The Memoirs of Sherlock Holmes,1893,-0.5583333333333258,short_story,0,baker_street,lugar,0,7834,0.7834,0.0
18,9,B018,18,"The ""Gloria Scott""",The Memoirs of Sherlock Holmes,1893,-0.5583333333333258,short_story,0,london,lugar,6,7834,0.7834,7.659
18,10,B018,18,"The ""Gloria Scott""",The Memoirs of Sherlock Holmes,1893,-0.5583333333333258,short_story,0,deduction,tema,0,7834,0.7834,0.0
18,11,B018,18,"The ""Gloria Scott""",The Memoirs of Sherlock Holmes,1893,-0.5583333333333258,short_story,0,evidence,tema,0,7834,0.7834,0.0
18,12,B018,18,"The ""Gloria Scott""",The Memoirs of Sherlock Holmes,1893,-0.5583333333333258,short_story,0,crime,tema,2,7834,0.7834,2.553
19,1,B019,19,The Musgrave Ritual,The Memoirs of Sherlock Holmes,1893,-0.5583333333333258,short_story,0,sherlock_holmes,personagem,5,7590,0.759,6.588
19,2,B019,19,The Musgrave Ritual,The Memoirs of Sherlock Holmes,1893,-0.5583333333333258,short_story,0,dr_watson,personagem,13,7590,0.759,17.128
19,3,B019,19,The Musgrave Ritual,The Memoirs of Sherlock Holmes,1893,-0.5583333333333258,short_story,0,professor_moriarty,personagem,0,7590,0.759,0.0
19,4,B019,19,The Musgrave Ritual,The Memoirs of Sherlock Holmes,1893,-0.5583333333333258,short_story,0,mycroft_holmes,personagem,0,7590,0.759,0.0
19,5,B019,19,The Musgrave Ritual,The Memoirs of Sherlock Holmes,1893,-0.5583333333333258,short_story,0,inspector_lestrade,personagem,0,7590,0.759,0.0
19,6,B019,19,The Musgrave Ritual,The Memoirs of Sherlock Holmes,1893,-0.5583333333333258,short_story,0,irene_adler,personagem,0,7590,0.759,0.0
19,7,B019,19,The Musgrave Ritual,The Memoirs of Sherlock Holmes,1893,-0.5583333333333258,short_story,0,mrs_hudson,personagem,0,7590,0.759,0.0
19,8,B019,19,The Musgrave Ritual,The Memoirs of Sherlock Holmes,1893,-0.5583333333333258,short_story,0,baker_street,lugar,0,7590,0.759,0.0
19,9,B019,19,The Musgrave Ritual,The Memoirs of Sherlock Holmes,1893,-0.5583333333333258,short_story,0,london,lugar,1,7590,0.759,1.318
19,10,B019,19,The Musgrave Ritual,The Memoirs of Sherlock Holmes,1893,-0.5583333333333258,short_story,0,deduction,tema,0,7590,0.759,0.0
19,11,B019,19,The Musgrave Ritual,The Memoirs of Sherlock Holmes,1893,-0.5583333333333258,short_story,0,evidence,tema,0,7590,0.759,0.0
19,12,B019,19,The Musgrave Ritual,The Memoirs of Sherlock Holmes,1893,-0.5583333333333258,short_story,0,crime,tema,4,7590,0.759,5.27
20,1,B020,20,The Reigate Squires,The Memoirs of Sherlock Holmes,1893,-0.5583333333333258,short_story,0,sherlock_holmes,personagem,53,7213,0.7213,73.478
20,2,B020,20,The Reigate Squires,The Memoirs of Sherlock Holmes,1893,-0.5583333333333258,short_story,0,dr_watson,personagem,9,7213,0.7213,12.477
20,3,B020,20,The Reigate Squires,The Memoirs of Sherlock Holmes,1893,-0.5583333333333258,short_story,0,professor_moriarty,personagem,0,7213,0.7213,0.0
20,4,B020,20,The Reigate Squires,The Memoirs of Sherlock Holmes,1893,-0.5583333333333258,short_story,0,mycroft_holmes,personagem,0,7213,0.7213,0.0
20,5,B020,20,The Reigate Squires,The Memoirs of Sherlock Holmes,1893,-0.5583333333333258,short_story,0,inspector_lestrade,personagem,0,7213,0.7213,0.0
20,6,B020,20,The Reigate Squires,The Memoirs of Sherlock Holmes,1893,-0.5583333333333258,short_story,0,irene_adler,personagem,0,7213,0.7213,0.0
20,7,B020,20,The Reigate Squires,The Memoirs of Sherlock Holmes,1893,-0.5583333333333258,short_story,0,mrs_hudson,personagem,0,7213,0.7213,0.0
20,8,B020,20,The Reigate Squires,The Memoirs of Sherlock Holmes,1893,-0.5583333333333258,short_story,0,baker_street,lugar,3,7213,0.7213,4.159
20,9,B020,20,The Reigate Squires,The Memoirs of Sherlock Holmes,1893,-0.5583333333333258,short_story,0,london,lugar,1,7213,0.7213,1.386
20,10,B020,20,The Reigate Squires,The Memoirs of Sherlock Holmes,1893,-0.5583333333333258,short_story,0,deduction,tema,1,7213,0.7213,1.386
20,11,B020,20,The Reigate Squires,The Memoirs of Sherlock Holmes,1893,-0.5583333333333258,short_story,0,evidence,tema,0,7213,0.7213,0.0
20,12,B020,20,The Reigate Squires,The Memoirs of Sherlock Holmes,1893,-0.5583333333333258,short_story,0,crime,tema,10,7213,0.7213,13.864
21,1,B021,21,The Crooked Man,The Memoirs of Sherlock Holmes,1893,-0.5583333333333258,short_story,0,sherlock_holmes,personagem,11,7131,0.7131,15.426
21,2,B021,21,The Crooked Man,The Memoirs of Sherlock Holmes,1893,-0.5583333333333258,short_story,0,dr_watson,personagem,15,7131,0.7131,21.035
21,3,B021,21,The Crooked Man,The Memoirs of Sherlock Holmes,1893,-0.5583333333333258,short_story,0,professor_moriarty,personagem,0,7131,0.7131,0.0
21,4,B021,21,The Crooked Man,The Memoirs of Sherlock Holmes,1893,-0.5583333333333258,short_story,0,mycroft_holmes,personagem,0,7131,0.7131,0.0
21,5,B021,21,The Crooked Man,The Memoirs of Sherlock Holmes,1893,-0.5583333333333258,short_story,0,inspector_lestrade,personagem,0,7131,0.7131,0.0
21,6,B021,21,The Crooked Man,The Memoirs of Sherlock Holmes,1893,-0.5583333333333258,short_story,0,irene_adler,personagem,0,7131,0.7131,0.0
21,7,B021,21,The Crooked Man,The Memoirs of Sherlock Holmes,1893,-0.5583333333333258,short_story,0,mrs_hudson,personagem,0,7131,0.7131,0.0
21,8,B021,21,The Crooked Man,The Memoirs of Sherlock Holmes,1893,-0.5583333333333258,short_story,0,baker_street,lugar,1,7131,0.7131,1.402
21,9,B021,21,The Crooked Man,The Memoirs of Sherlock Holmes,1893,-0.5583333333333258,short_story,0,london,lugar,0,7131,0.7131,0.0
21,10,B021,21,The Crooked Man,The Memoirs of Sherlock Holmes,1893,-0.5583333333333258,short_story,0,deduction,tema,1,7131,0.7131,1.402
21,11,B021,21,The Crooked Man,The Memoirs of Sherlock Holmes,1893,-0.5583333333333258,short_story,0,evidence,tema,1,7131,0.7131,1.402
21,12,B021,21,The Crooked Man,The Memoirs of Sherlock Holmes,1893,-0.5583333333333258,short_story,0,crime,tema,2,7131,0.7131,2.805
22,1,B022,22,The Resident Patient,The Memoirs of Sherlock Holmes,1893,-0.5583333333333258,short_story,0,sherlock_holmes,personagem,39,6615,0.6615,58.957
22,2,B022,22,The Resident Patient,The Memoirs of Sherlock Holmes,1893,-0.5583333333333258,short_story,0,dr_watson,personagem,4,6615,0.6615,6.047
22,3,B022,22,The Resident Patient,The Memoirs of Sherlock Holmes,1893,-0.5583333333333258,short_story,0,professor_moriarty,personagem,0,6615,0.6615,0.0
22,4,B022,22,The Resident Patient,The Memoirs of Sherlock Holmes,1893,-0.5583333333333258,short_story,0,mycroft_holmes,personagem,0,6615,0.6615,0.0
22,5,B022,22,The Resident Patient,The Memoirs of Sherlock Holmes,1893,-0.5583333333333258,short_story,0,inspector_lestrade,personagem,0,6615,0.6615,0.0
22,6,B022,22,The Resident Patient,The Memoirs of Sherlock Holmes,1893,-0.5583333333333258,short_story,0,irene_adler,personagem,0,6615,0.6615,0.0
22,7,B022,22,The Resident Patient,The Memoirs of Sherlock Holmes,1893,-0.5583333333333258,short_story,0,mrs_hudson,personagem,0,6615,0.6615,0.0
22,8,B022,22,The Resident Patient,The Memoirs of Sherlock Holmes,1893,-0.5583333333333258,short_story,0,baker_street,lugar,3,6615,0.6615,4.535
22,9,B022,22,The Resident Patient,The Memoirs of Sherlock Holmes,1893,-0.5583333333333258,short_story,0,london,lugar,2,6615,0.6615,3.023
22,10,B022,22,The Resident Patient,The Memoirs of Sherlock Holmes,1893,-0.5583333333333258,short_story,0,deduction,tema,1,6615,0.6615,1.512
22,11,B022,22,The Resident Patient,The Memoirs of Sherlock Holmes,1893,-0.5583333333333258,short_story,0,evidence,tema,3,6615,0.6615,4.535
22,12,B022,22,The Resident Patient,The Memoirs of Sherlock Holmes,1893,-0.5583333333333258,short_story,0,crime,tema,1,6615,0.6615,1.512
23,1,B023,23,The Greek Interpreter,The Memoirs of Sherlock Holmes,1893,-0.5583333333333258,short_story,0,sherlock_holmes,personagem,29,7017,0.7017,41.328
23,2,B023,23,The Greek Interpreter,The Memoirs of Sherlock Holmes,1893,-0.5583333333333258,short_story,0,dr_watson,personagem,3,7017,0.7017,4.275
23,3,B023,23,The Greek Interpreter,The Memoirs of Sherlock Holmes,1893,-0.5583333333333258,short_story,0,professor_moriarty,personagem,0,7017,0.7017,0.0
23,4,B023,23,The Greek Interpreter,The Memoirs of Sherlock Holmes,1893,-0.5583333333333258,short_story,0,mycroft_holmes,personagem,22,7017,0.7017,31.352
23,5,B023,23,The Greek Interpreter,The Memoirs of Sherlock Holmes,1893,-0.5583333333333258,short_story,0,inspector_lestrade,personagem,0,7017,0.7017,0.0
23,6,B023,23,The Greek Interpreter,The Memoirs of Sherlock Holmes,1893,-0.5583333333333258,short_story,0,irene_adler,personagem,0,7017,0.7017,0.0
23,7,B023,23,The Greek Interpreter,The Memoirs of Sherlock Holmes,1893,-0.5583333333333258,short_story,0,mrs_hudson,personagem,0,7017,0.7017,0.0
23,8,B023,23,The Greek Interpreter,The Memoirs of Sherlock Holmes,1893,-0.5583333333333258,short_story,0,baker_street,lugar,1,7017,0.7017,1.425
23,9,B023,23,The Greek Interpreter,The Memoirs of Sherlock Holmes,1893,-0.5583333333333258,short_story,0,london,lugar,6,7017,0.7017,8.551
23,10,B023,23,The Greek Interpreter,The Memoirs of Sherlock Holmes,1893,-0.5583333333333258,short_story,0,deduction,tema,2,7017,0.7017,2.85
23,11,B023,23,The Greek Interpreter,The Memoirs of Sherlock Holmes,1893,-0.5583333333333258,short_story,0,evidence,tema,0,7017,0.7017,0.0
23,12,B023,23,The Greek Interpreter,The Memoirs of Sherlock Holmes,1893,-0.5583333333333258,short_story,0,crime,tema,1,7017,0.7017,1.425
24,1,B024,24,The Naval Treaty,The Memoirs of Sherlock Holmes,1893,-0.5583333333333258,short_story,0,sherlock_holmes,personagem,67,12627,1.2627,53.061
24,2,B024,24,The Naval Treaty,The Memoirs of Sherlock Holmes,1893,-0.5583333333333258,short_story,0,dr_watson,personagem,18,12627,1.2627,14.255
24,3,B024,24,The Naval Treaty,The Memoirs of Sherlock Holmes,1893,-0.5583333333333258,short_story,0,professor_moriarty,personagem,0,12627,1.2627,0.0
24,4,B024,24,The Naval Treaty,The Memoirs of Sherlock Holmes,1893,-0.5583333333333258,short_story,0,mycroft_holmes,personagem,0,12627,1.2627,0.0
24,5,B024,24,The Naval Treaty,The Memoirs of Sherlock Holmes,1893,-0.5583333333333258,short_story,0,inspector_lestrade,personagem,0,12627,1.2627,0.0
24,6,B024,24,The Naval Treaty,The Memoirs of Sherlock Holmes,1893,-0.5583333333333258,short_story,0,irene_adler,personagem,0,12627,1.2627,0.0
24,7,B024,24,The Naval Treaty,The Memoirs of Sherlock Holmes,1893,-0.5583333333333258,short_story,0,mrs_hudson,personagem,2,12627,1.2627,1.584
24,8,B024,24,The Naval Treaty,The Memoirs of Sherlock Holmes,1893,-0.5583333333333258,short_story,0,baker_street,lugar,3,12627,1.2627,2.376
24,9,B024,24,The Naval Treaty,The Memoirs of Sherlock Holmes,1893,-0.5583333333333258,short_story,0,london,lugar,7,12627,1.2627,5.544
24,10,B024,24,The Naval Treaty,The Memoirs of Sherlock Holmes,1893,-0.5583333333333258,short_story,0,deduction,tema,1,12627,1.2627,0.792
24,11,B024,24,The Naval Treaty,The Memoirs of Sherlock Holmes,1893,-0.5583333333333258,short_story,0,evidence,tema,2,12627,1.2627,1.584
24,12,B024,24,The Naval Treaty,The Memoirs of Sherlock Holmes,1893,-0.5583333333333258,short_story,0,crime,tema,5,12627,1.2627,3.96
25,1,B025,25,The Final Problem,The Memoirs of Sherlock Holmes,1893,-0.5583333333333258,short_story,0,sherlock_holmes,personagem,31,7163,0.7163,43.278
25,2,B025,25,The Final Problem,The Memoirs of Sherlock Holmes,1893,-0.5583333333333258,short_story,0,dr_watson,personagem,22,7163,0.7163,30.713
25,3,B025,25,The Final Problem,The Memoirs of Sherlock Holmes,1893,-0.5583333333333258,short_story,0,professor_moriarty,personagem,20,7163,0.7163,27.921
25,4,B025,25,The Final Problem,The Memoirs of Sherlock Holmes,1893,-0.5583333333333258,short_story,0,mycroft_holmes,personagem,2,7163,0.7163,2.792
25,5,B025,25,The Final Problem,The Memoirs of Sherlock Holmes,1893,-0.5583333333333258,short_story,0,inspector_lestrade,personagem,0,7163,0.7163,0.0
25,6,B025,25,The Final Problem,The Memoirs of Sherlock Holmes,1893,-0.5583333333333258,short_story,0,irene_adler,personagem,0,7163,0.7163,0.0
25,7,B025,25,The Final Problem,The Memoirs of Sherlock Holmes,1893,-0.5583333333333258,short_story,0,mrs_hudson,personagem,0,7163,0.7163,0.0
25,8,B025,25,The Final Problem,The Memoirs of Sherlock Holmes,1893,-0.5583333333333258,short_story,0,baker_street,lugar,2,7163,0.7163,2.792
25,9,B025,25,The Final Problem,The Memoirs of Sherlock Holmes,1893,-0.5583333333333258,short_story,0,london,lugar,8,7163,0.7163,11.169
25,10,B025,25,The Final Problem,The Memoirs of Sherlock Holmes,1893,-0.5583333333333258,short_story,0,deduction,tema,0,7163,0.7163,0.0
25,11,B025,25,The Final Problem,The Memoirs of Sherlock Holmes,1893,-0.5583333333333258,short_story,0,evidence,tema,2,7163,0.7163,2.792
25,12,B025,25,The Final Problem,The Memoirs of Sherlock Holmes,1893,-0.5583333333333258,short_story,0,crime,tema,12,7163,0.7163,16.753
26,1,B026,26,The Adventure of the Empty House,The Return of Sherlock Holmes,1903,0.4416666666666742,short_story,0,sherlock_holmes,personagem,40,8699,0.8699,45.982
26,2,B026,26,The Adventure of the Empty House,The Return of Sherlock Holmes,1903,0.4416666666666742,short_story,0,dr_watson,personagem,22,8699,0.8699,25.29
26,3,B026,26,The Adventure of the Empty House,The Return of Sherlock Holmes,1903,0.4416666666666742,short_story,0,professor_moriarty,personagem,15,8699,0.8699,17.243
26,4,B026,26,The Adventure of the Empty House,The Return of Sherlock Holmes,1903,0.4416666666666742,short_story,0,mycroft_holmes,personagem,4,8699,0.8699,4.598
26,5,B026,26,The Adventure of the Empty House,The Return of Sherlock Holmes,1903,0.4416666666666742,short_story,0,inspector_lestrade,personagem,10,8699,0.8699,11.496
26,6,B026,26,The Adventure of the Empty House,The Return of Sherlock Holmes,1903,0.4416666666666742,short_story,0,irene_adler,personagem,0,8699,0.8699,0.0
26,7,B026,26,The Adventure of the Empty House,The Return of Sherlock Holmes,1903,0.4416666666666742,short_story,0,mrs_hudson,personagem,6,8699,0.8699,6.897
26,8,B026,26,The Adventure of the Empty House,The Return of Sherlock Holmes,1903,0.4416666666666742,short_story,0,baker_street,lugar,5,8699,0.8699,5.748
26,9,B026,26,The Adventure of the Empty House,The Return of Sherlock Holmes,1903,0.4416666666666742,short_story,0,london,lugar,14,8699,0.8699,16.094
26,10,B026,26,The Adventure of the Empty House,The Return of Sherlock Holmes,1903,0.4416666666666742,short_story,0,deduction,tema,0,8699,0.8699,0.0
26,11,B026,26,The Adventure of the Empty House,The Return of Sherlock Holmes,1903,0.4416666666666742,short_story,0,evidence,tema,5,8699,0.8699,5.748
26,12,B026,26,The Adventure of the Empty House,The Return of Sherlock Holmes,1903,0.4416666666666742,short_story,0,crime,tema,10,8699,0.8699,11.496
27,1,B027,27,The Adventure of the Norwood Builder,The Return of Sherlock Holmes,1903,0.4416666666666742,short_story,0,sherlock_holmes,personagem,64,9248,0.9248,69.204
27,2,B027,27,The Adventure of the Norwood Builder,The Return of Sherlock Holmes,1903,0.4416666666666742,short_story,0,dr_watson,personagem,23,9248,0.9248,24.87
27,3,B027,27,The Adventure of the Norwood Builder,The Return of Sherlock Holmes,1903,0.4416666666666742,short_story,0,professor_moriarty,personagem,1,9248,0.9248,1.081
27,4,B027,27,The Adventure of the Norwood Builder,The Return of Sherlock Holmes,1903,0.4416666666666742,short_story,0,mycroft_holmes,personagem,0,9248,0.9248,0.0
27,5,B027,27,The Adventure of the Norwood Builder,The Return of Sherlock Holmes,1903,0.4416666666666742,short_story,0,inspector_lestrade,personagem,51,9248,0.9248,55.147
27,6,B027,27,The Adventure of the Norwood Builder,The Return of Sherlock Holmes,1903,0.4416666666666742,short_story,0,irene_adler,personagem,0,9248,0.9248,0.0
27,7,B027,27,The Adventure of the Norwood Builder,The Return of Sherlock Holmes,1903,0.4416666666666742,short_story,0,mrs_hudson,personagem,0,9248,0.9248,0.0
27,8,B027,27,The Adventure of the Norwood Builder,The Return of Sherlock Holmes,1903,0.4416666666666742,short_story,0,baker_street,lugar,1,9248,0.9248,1.081
27,9,B027,27,The Adventure of the Norwood Builder,The Return of Sherlock Holmes,1903,0.4416666666666742,short_story,0,london,lugar,7,9248,0.9248,7.569
27,10,B027,27,The Adventure of the Norwood Builder,The Return of Sherlock Holmes,1903,0.4416666666666742,short_story,0,deduction,tema,0,9248,0.9248,0.0
27,11,B027,27,The Adventure of the Norwood Builder,The Return of Sherlock Holmes,1903,0.4416666666666742,short_story,0,evidence,tema,12,9248,0.9248,12.976
27,12,B027,27,The Adventure of the Norwood Builder,The Return of Sherlock Holmes,1903,0.4416666666666742,short_story,0,crime,tema,19,9248,0.9248,20.545
28,1,B028,28,The Adventure of the Dancing Men,The Return of Sherlock Holmes,1903,0.4416666666666742,short_story,0,sherlock_holmes,personagem,61,9706,0.9706,62.848
28,2,B028,28,The Adventure of the Dancing Men,The Return of Sherlock Holmes,1903,0.4416666666666742,short_story,0,dr_watson,personagem,13,9706,0.9706,13.394
28,3,B028,28,The Adventure of the Dancing Men,The Return of Sherlock Holmes,1903,0.4416666666666742,short_story,0,professor_moriarty,personagem,0,9706,0.9706,0.0
28,4,B028,28,The Adventure of the Dancing Men,The Return of Sherlock Holmes,1903,0.4416666666666742,short_story,0,mycroft_holmes,personagem,0,9706,0.9706,0.0
28,5,B028,28,The Adventure of the Dancing Men,The Return of Sherlock Holmes,1903,0.4416666666666742,short_story,0,inspector_lestrade,personagem,0,9706,0.9706,0.0
28,6,B028,28,The Adventure of the Dancing Men,The Return of Sherlock Holmes,1903,0.4416666666666742,short_story,0,irene_adler,personagem,0,9706,0.9706,0.0
28,7,B028,28,The Adventure of the Dancing Men,The Return of Sherlock Holmes,1903,0.4416666666666742,short_story,0,mrs_hudson,personagem,1,9706,0.9706,1.03
28,8,B028,28,The Adventure of the Dancing Men,The Return of Sherlock Holmes,1903,0.4416666666666742,short_story,0,baker_street,lugar,3,9706,0.9706,3.091
28,9,B028,28,The Adventure of the Dancing Men,The Return of Sherlock Holmes,1903,0.4416666666666742,short_story,0,london,lugar,6,9706,0.9706,6.182
28,10,B028,28,The Adventure of the Dancing Men,The Return of Sherlock Holmes,1903,0.4416666666666742,short_story,0,deduction,tema,0,9706,0.9706,0.0
28,11,B028,28,The Adventure of the Dancing Men,The Return of Sherlock Holmes,1903,0.4416666666666742,short_story,0,evidence,tema,6,9706,0.9706,6.182
28,12,B028,28,The Adventure of the Dancing Men,The Return of Sherlock Holmes,1903,0.4416666666666742,short_story,0,crime,tema,5,9706,0.9706,5.151
29,1,B029,29,The Adventure of the Solitary Cyclist,The Return of Sherlock Holmes,1904,0.5416666666666743,short_story,0,sherlock_holmes,personagem,49,7837,0.7837,62.524
29,2,B029,29,The Adventure of the Solitary Cyclist,The Return of Sherlock Holmes,1904,0.5416666666666743,short_story,0,dr_watson,personagem,14,7837,0.7837,17.864
29,3,B029,29,The Adventure of the Solitary Cyclist,The Return of Sherlock Holmes,1904,0.5416666666666743,short_story,0,professor_moriarty,personagem,0,7837,0.7837,0.0
29,4,B029,29,The Adventure of the Solitary Cyclist,The Return of Sherlock Holmes,1904,0.5416666666666743,short_story,0,mycroft_holmes,personagem,0,7837,0.7837,0.0
29,5,B029,29,The Adventure of the Solitary Cyclist,The Return of Sherlock Holmes,1904,0.5416666666666743,short_story,0,inspector_lestrade,personagem,0,7837,0.7837,0.0
29,6,B029,29,The Adventure of the Solitary Cyclist,The Return of Sherlock Holmes,1904,0.5416666666666743,short_story,0,irene_adler,personagem,0,7837,0.7837,0.0
29,7,B029,29,The Adventure of the Solitary Cyclist,The Return of Sherlock Holmes,1904,0.5416666666666743,short_story,0,mrs_hudson,personagem,0,7837,0.7837,0.0
29,8,B029,29,The Adventure of the Solitary Cyclist,The Return of Sherlock Holmes,1904,0.5416666666666743,short_story,0,baker_street,lugar,2,7837,0.7837,2.552
29,9,B029,29,The Adventure of the Solitary Cyclist,The Return of Sherlock Holmes,1904,0.5416666666666743,short_story,0,london,lugar,3,7837,0.7837,3.828
29,10,B029,29,The Adventure of the Solitary Cyclist,The Return of Sherlock Holmes,1904,0.5416666666666743,short_story,0,deduction,tema,0,7837,0.7837,0.0
29,11,B029,29,The Adventure of the Solitary Cyclist,The Return of Sherlock Holmes,1904,0.5416666666666743,short_story,0,evidence,tema,1,7837,0.7837,1.276
29,12,B029,29,The Adventure of the Solitary Cyclist,The Return of Sherlock Holmes,1904,0.5416666666666743,short_story,0,crime,tema,2,7837,0.7837,2.552
30,1,B030,30,The Adventure of the Priory School,The Return of Sherlock Holmes,1904,0.5416666666666743,short_story,0,sherlock_holmes,personagem,86,11471,1.1471,74.972
30,2,B030,30,The Adventure of the Priory School,The Return of Sherlock Holmes,1904,0.5416666666666743,short_story,0,dr_watson,personagem,28,11471,1.1471,24.409
30,3,B030,30,The Adventure of the Priory School,The Return of Sherlock Holmes,1904,0.5416666666666743,short_story,0,professor_moriarty,personagem,0,11471,1.1471,0.0
30,4,B030,30,The Adventure of the Priory School,The Return of Sherlock Holmes,1904,0.5416666666666743,short_story,0,mycroft_holmes,personagem,0,11471,1.1471,0.0
30,5,B030,30,The Adventure of the Priory School,The Return of Sherlock Holmes,1904,0.5416666666666743,short_story,0,inspector_lestrade,personagem,0,11471,1.1471,0.0
30,6,B030,30,The Adventure of the Priory School,The Return of Sherlock Holmes,1904,0.5416666666666743,short_story,0,irene_adler,personagem,0,11471,1.1471,0.0
30,7,B030,30,The Adventure of the Priory School,The Return of Sherlock Holmes,1904,0.5416666666666743,short_story,0,mrs_hudson,personagem,0,11471,1.1471,0.0
30,8,B030,30,The Adventure of the Priory School,The Return of Sherlock Holmes,1904,0.5416666666666743,short_story,0,baker_street,lugar,2,11471,1.1471,1.744
30,9,B030,30,The Adventure of the Priory School,The Return of Sherlock Holmes,1904,0.5416666666666743,short_story,0,london,lugar,3,11471,1.1471,2.615
30,10,B030,30,The Adventure of the Priory School,The Return of Sherlock Holmes,1904,0.5416666666666743,short_story,0,deduction,tema,0,11471,1.1471,0.0
30,11,B030,30,The Adventure of the Priory School,The Return of Sherlock Holmes,1904,0.5416666666666743,short_story,0,evidence,tema,1,11471,1.1471,0.872
30,12,B030,30,The Adventure of the Priory School,The Return of Sherlock Holmes,1904,0.5416666666666743,short_story,0,crime,tema,3,11471,1.1471,2.615
31,1,B031,31,The Adventure of Black Peter,The Return of Sherlock Holmes,1904,0.5416666666666743,short_story,0,sherlock_holmes,personagem,55,8123,0.8123,67.709
31,2,B031,31,The Adventure of Black Peter,The Return of Sherlock Holmes,1904,0.5416666666666743,short_story,0,dr_watson,personagem,11,8123,0.8123,13.542
31,3,B031,31,The Adventure of Black Peter,The Return of Sherlock Holmes,1904,0.5416666666666743,short_story,0,professor_moriarty,personagem,0,8123,0.8123,0.0
31,4,B031,31,The Adventure of Black Peter,The Return of Sherlock Holmes,1904,0.5416666666666743,short_story,0,mycroft_holmes,personagem,0,8123,0.8123,0.0
31,5,B031,31,The Adventure of Black Peter,The Return of Sherlock Holmes,1904,0.5416666666666743,short_story,0,inspector_lestrade,personagem,0,8123,0.8123,0.0
31,6,B031,31,The Adventure of Black Peter,The Return of Sherlock Holmes,1904,0.5416666666666743,short_story,0,irene_adler,personagem,0,8123,0.8123,0.0
31,7,B031,31,The Adventure of Black Peter,The Return of Sherlock Holmes,1904,0.5416666666666743,short_story,0,mrs_hudson,personagem,2,8123,0.8123,2.462
31,8,B031,31,The Adventure of Black Peter,The Return of Sherlock Holmes,1904,0.5416666666666743,short_story,0,baker_street,lugar,2,8123,0.8123,2.462
31,9,B031,31,The Adventure of Black Peter,The Return of Sherlock Holmes,1904,0.5416666666666743,short_story,0,london,lugar,9,8123,0.8123,11.08
31,10,B031,31,The Adventure of Black Peter,The Return of Sherlock Holmes,1904,0.5416666666666743,short_story,0,deduction,tema,0,8123,0.8123,0.0
31,11,B031,31,The Adventure of Black Peter,The Return of Sherlock Holmes,1904,0.5416666666666743,short_story,0,evidence,tema,4,8123,0.8123,4.924
31,12,B031,31,The Adventure of Black Peter,The Return of Sherlock Holmes,1904,0.5416666666666743,short_story,0,crime,tema,13,8123,0.8123,16.004
32,1,B032,32,The Adventure of Charles Augustus Milverton,The Return of Sherlock Holmes,1904,0.5416666666666743,short_story,0,sherlock_holmes,personagem,56,6727,0.6727,83.247
32,2,B032,32,The Adventure of Charles Augustus Milverton,The Return of Sherlock Holmes,1904,0.5416666666666743,short_story,0,dr_watson,personagem,17,6727,0.6727,25.271
32,3,B032,32,The Adventure of Charles Augustus Milverton,The Return of Sherlock Holmes,1904,0.5416666666666743,short_story,0,professor_moriarty,personagem,0,6727,0.6727,0.0
32,4,B032,32,The Adventure of Charles Augustus Milverton,The Return of Sherlock Holmes,1904,0.5416666666666743,short_story,0,mycroft_holmes,personagem,0,6727,0.6727,0.0
32,5,B032,32,The Adventure of Charles Augustus Milverton,The Return of Sherlock Holmes,1904,0.5416666666666743,short_story,0,inspector_lestrade,personagem,2,6727,0.6727,2.973
32,6,B032,32,The Adventure of Charles Augustus Milverton,The Return of Sherlock Holmes,1904,0.5416666666666743,short_story,0,irene_adler,personagem,0,6727,0.6727,0.0
32,7,B032,32,The Adventure of Charles Augustus Milverton,The Return of Sherlock Holmes,1904,0.5416666666666743,short_story,0,mrs_hudson,personagem,0,6727,0.6727,0.0
32,8,B032,32,The Adventure of Charles Augustus Milverton,The Return of Sherlock Holmes,1904,0.5416666666666743,short_story,0,baker_street,lugar,1,6727,0.6727,1.487
32,9,B032,32,The Adventure of Charles Augustus Milverton,The Return of Sherlock Holmes,1904,0.5416666666666743,short_story,0,london,lugar,5,6727,0.6727,7.433
32,10,B032,32,The Adventure of Charles Augustus Milverton,The Return of Sherlock Holmes,1904,0.5416666666666743,short_story,0,deduction,tema,0,6727,0.6727,0.0
32,11,B032,32,The Adventure of Charles Augustus Milverton,The Return of Sherlock Holmes,1904,0.5416666666666743,short_story,0,evidence,tema,0,6727,0.6727,0.0
32,12,B032,32,The Adventure of Charles Augustus Milverton,The Return of Sherlock Holmes,1904,0.5416666666666743,short_story,0,crime,tema,7,6727,0.6727,10.406
33,1,B033,33,The Adventure of the Six Napoleons,The Return of Sherlock Holmes,1904,0.5416666666666743,short_story,0,sherlock_holmes,personagem,58,8332,0.8332,69.611
33,2,B033,33,The Adventure of the Six Napoleons,The Return of Sherlock Holmes,1904,0.5416666666666743,short_story,0,dr_watson,personagem,14,8332,0.8332,16.803
33,3,B033,33,The Adventure of the Six Napoleons,The Return of Sherlock Holmes,1904,0.5416666666666743,short_story,0,professor_moriarty,personagem,0,8332,0.8332,0.0
33,4,B033,33,The Adventure of the Six Napoleons,The Return of Sherlock Holmes,1904,0.5416666666666743,short_story,0,mycroft_holmes,personagem,0,8332,0.8332,0.0
33,5,B033,33,The Adventure of the Six Napoleons,The Return of Sherlock Holmes,1904,0.5416666666666743,short_story,0,inspector_lestrade,personagem,33,8332,0.8332,39.606
33,6,B033,33,The Adventure of the Six Napoleons,The Return of Sherlock Holmes,1904,0.5416666666666743,short_story,0,irene_adler,personagem,0,8332,0.8332,0.0
33,7,B033,33,The Adventure of the Six Napoleons,The Return of Sherlock Holmes,1904,0.5416666666666743,short_story,0,mrs_hudson,personagem,0,8332,0.8332,0.0
33,8,B033,33,The Adventure of the Six Napoleons,The Return of Sherlock Holmes,1904,0.5416666666666743,short_story,0,baker_street,lugar,2,8332,0.8332,2.4
33,9,B033,33,The Adventure of the Six Napoleons,The Return of Sherlock Holmes,1904,0.5416666666666743,short_story,0,london,lugar,19,8332,0.8332,22.804
33,10,B033,33,The Adventure of the Six Napoleons,The Return of Sherlock Holmes,1904,0.5416666666666743,short_story,0,deduction,tema,0,8332,0.8332,0.0
33,11,B033,33,The Adventure of the Six Napoleons,The Return of Sherlock Holmes,1904,0.5416666666666743,short_story,0,evidence,tema,1,8332,0.8332,1.2
33,12,B033,33,The Adventure of the Six Napoleons,The Return of Sherlock Holmes,1904,0.5416666666666743,short_story,0,crime,tema,7,8332,0.8332,8.401
34,1,B034,34,The Adventure of the Three Students,The Return of Sherlock Holmes,1904,0.5416666666666743,short_story,0,sherlock_holmes,personagem,49,6470,0.647,75.734
34,2,B034,34,The Adventure of the Three Students,The Return of Sherlock Holmes,1904,0.5416666666666743,short_story,0,dr_watson,personagem,11,6470,0.647,17.002
34,3,B034,34,The Adventure of the Three Students,The Return of Sherlock Holmes,1904,0.5416666666666743,short_story,0,professor_moriarty,personagem,0,6470,0.647,0.0
34,4,B034,34,The Adventure of the Three Students,The Return of Sherlock Holmes,1904,0.5416666666666743,short_story,0,mycroft_holmes,personagem,0,6470,0.647,0.0
34,5,B034,34,The Adventure of the Three Students,The Return of Sherlock Holmes,1904,0.5416666666666743,short_story,0,inspector_lestrade,personagem,0,6470,0.647,0.0
34,6,B034,34,The Adventure of the Three Students,The Return of Sherlock Holmes,1904,0.5416666666666743,short_story,0,irene_adler,personagem,0,6470,0.647,0.0
34,7,B034,34,The Adventure of the Three Students,The Return of Sherlock Holmes,1904,0.5416666666666743,short_story,0,mrs_hudson,personagem,0,6470,0.647,0.0
34,8,B034,34,The Adventure of the Three Students,The Return of Sherlock Holmes,1904,0.5416666666666743,short_story,0,baker_street,lugar,1,6470,0.647,1.546
34,9,B034,34,The Adventure of the Three Students,The Return of Sherlock Holmes,1904,0.5416666666666743,short_story,0,london,lugar,0,6470,0.647,0.0
34,10,B034,34,The Adventure of the Three Students,The Return of Sherlock Holmes,1904,0.5416666666666743,short_story,0,deduction,tema,0,6470,0.647,0.0
34,11,B034,34,The Adventure of the Three Students,The Return of Sherlock Holmes,1904,0.5416666666666743,short_story,0,evidence,tema,2,6470,0.647,3.091
34,12,B034,34,The Adventure of the Three Students,The Return of Sherlock Holmes,1904,0.5416666666666743,short_story,0,crime,tema,2,6470,0.647,3.091
35,1,B035,35,The Adventure of the Golden Pince-Nez,The Return of Sherlock Holmes,1904,0.5416666666666743,short_story,0,sherlock_holmes,personagem,58,8954,0.8954,64.776
35,2,B035,35,The Adventure of the Golden Pince-Nez,The Return of Sherlock Holmes,1904,0.5416666666666743,short_story,0,dr_watson,personagem,6,8954,0.8954,6.701
35,3,B035,35,The Adventure of the Golden Pince-Nez,The Return of Sherlock Holmes,1904,0.5416666666666743,short_story,0,professor_moriarty,personagem,0,8954,0.8954,0.0
35,4,B035,35,The Adventure of the Golden Pince-Nez,The Return of Sherlock Holmes,1904,0.5416666666666743,short_story,0,mycroft_holmes,personagem,0,8954,0.8954,0.0
35,5,B035,35,The Adventure of the Golden Pince-Nez,The Return of Sherlock Holmes,1904,0.5416666666666743,short_story,0,inspector_lestrade,personagem,0,8954,0.8954,0.0
35,6,B035,35,The Adventure of the Golden Pince-Nez,The Return of Sherlock Holmes,1904,0.5416666666666743,short_story,0,irene_adler,personagem,0,8954,0.8954,0.0
35,7,B035,35,The Adventure of the Golden Pince-Nez,The Return of Sherlock Holmes,1904,0.5416666666666743,short_story,0,mrs_hudson,personagem,0,8954,0.8954,0.0
35,8,B035,35,The Adventure of the Golden Pince-Nez,The Return of Sherlock Holmes,1904,0.5416666666666743,short_story,0,baker_street,lugar,1,8954,0.8954,1.117
35,9,B035,35,The Adventure of the Golden Pince-Nez,The Return of Sherlock Holmes,1904,0.5416666666666743,short_story,0,london,lugar,4,8954,0.8954,4.467
35,10,B035,35,The Adventure of the Golden Pince-Nez,The Return of Sherlock Holmes,1904,0.5416666666666743,short_story,0,deduction,tema,0,8954,0.8954,0.0
35,11,B035,35,The Adventure of the Golden Pince-Nez,The Return of Sherlock Holmes,1904,0.5416666666666743,short_story,0,evidence,tema,6,8954,0.8954,6.701
35,12,B035,35,The Adventure of the Golden Pince-Nez,The Return of Sherlock Holmes,1904,0.5416666666666743,short_story,0,crime,tema,5,8954,0.8954,5.584
36,1,B036,36,The Adventure of the Missing Three-Quarter,The Return of Sherlock Holmes,1904,0.5416666666666743,short_story,0,sherlock_holmes,personagem,52,8028,0.8028,64.773
36,2,B036,36,The Adventure of the Missing Three-Quarter,The Return of Sherlock Holmes,1904,0.5416666666666743,short_story,0,dr_watson,personagem,16,8028,0.8028,19.93
36,3,B036,36,The Adventure of the Missing Three-Quarter,The Return of Sherlock Holmes,1904,0.5416666666666743,short_story,0,professor_moriarty,personagem,1,8028,0.8028,1.246
36,4,B036,36,The Adventure of the Missing Three-Quarter,The Return of Sherlock Holmes,1904,0.5416666666666743,short_story,0,mycroft_holmes,personagem,0,8028,0.8028,0.0
36,5,B036,36,The Adventure of the Missing Three-Quarter,The Return of Sherlock Holmes,1904,0.5416666666666743,short_story,0,inspector_lestrade,personagem,0,8028,0.8028,0.0
36,6,B036,36,The Adventure of the Missing Three-Quarter,The Return of Sherlock Holmes,1904,0.5416666666666743,short_story,0,irene_adler,personagem,0,8028,0.8028,0.0
36,7,B036,36,The Adventure of the Missing Three-Quarter,The Return of Sherlock Holmes,1904,0.5416666666666743,short_story,0,mrs_hudson,personagem,0,8028,0.8028,0.0
36,8,B036,36,The Adventure of the Missing Three-Quarter,The Return of Sherlock Holmes,1904,0.5416666666666743,short_story,0,baker_street,lugar,1,8028,0.8028,1.246
36,9,B036,36,The Adventure of the Missing Three-Quarter,The Return of Sherlock Holmes,1904,0.5416666666666743,short_story,0,london,lugar,7,8028,0.8028,8.719
36,10,B036,36,The Adventure of the Missing Three-Quarter,The Return of Sherlock Holmes,1904,0.5416666666666743,short_story,0,deduction,tema,0,8028,0.8028,0.0
36,11,B036,36,The Adventure of the Missing Three-Quarter,The Return of Sherlock Holmes,1904,0.5416666666666743,short_story,0,evidence,tema,0,8028,0.8028,0.0
36,12,B036,36,The Adventure of the Missing Three-Quarter,The Return of Sherlock Holmes,1904,0.5416666666666743,short_story,0,crime,tema,3,8028,0.8028,3.737
37,1,B037,37,The Adventure of the Abbey Grange,The Return of Sherlock Holmes,1904,0.5416666666666743,short_story,0,sherlock_holmes,personagem,41,9168,0.9168,44.721
37,2,B037,37,The Adventure of the Abbey Grange,The Return of Sherlock Holmes,1904,0.5416666666666743,short_story,0,dr_watson,personagem,20,9168,0.9168,21.815
37,3,B037,37,The Adventure of the Abbey Grange,The Return of Sherlock Holmes,1904,0.5416666666666743,short_story,0,professor_moriarty,personagem,0,9168,0.9168,0.0
37,4,B037,37,The Adventure of the Abbey Grange,The Return of Sherlock Holmes,1904,0.5416666666666743,short_story,0,mycroft_holmes,personagem,0,9168,0.9168,0.0
37,5,B037,37,The Adventure of the Abbey Grange,The Return of Sherlock Holmes,1904,0.5416666666666743,short_story,0,inspector_lestrade,personagem,0,9168,0.9168,0.0
37,6,B037,37,The Adventure of the Abbey Grange,The Return of Sherlock Holmes,1904,0.5416666666666743,short_story,0,irene_adler,personagem,0,9168,0.9168,0.0
37,7,B037,37,The Adventure of the Abbey Grange,The Return of Sherlock Holmes,1904,0.5416666666666743,short_story,0,mrs_hudson,personagem,0,9168,0.9168,0.0
37,8,B037,37,The Adventure of the Abbey Grange,The Return of Sherlock Holmes,1904,0.5416666666666743,short_story,0,baker_street,lugar,1,9168,0.9168,1.091
37,9,B037,37,The Adventure of the Abbey Grange,The Return of Sherlock Holmes,1904,0.5416666666666743,short_story,0,london,lugar,4,9168,0.9168,4.363
37,10,B037,37,The Adventure of the Abbey Grange,The Return of Sherlock Holmes,1904,0.5416666666666743,short_story,0,deduction,tema,1,9168,0.9168,1.091
37,11,B037,37,The Adventure of the Abbey Grange,The Return of Sherlock Holmes,1904,0.5416666666666743,short_story,0,evidence,tema,2,9168,0.9168,2.182
37,12,B037,37,The Adventure of the Abbey Grange,The Return of Sherlock Holmes,1904,0.5416666666666743,short_story,0,crime,tema,7,9168,0.9168,7.635
38,1,B038,38,The Adventure of the Second Stain,The Return of Sherlock Holmes,1904,0.5416666666666743,short_story,0,sherlock_holmes,personagem,80,9672,0.9672,82.713
38,2,B038,38,The Adventure of the Second Stain,The Return of Sherlock Holmes,1904,0.5416666666666743,short_story,0,dr_watson,personagem,16,9672,0.9672,16.543
38,3,B038,38,The Adventure of the Second Stain,The Return of Sherlock Holmes,1904,0.5416666666666743,short_story,0,professor_moriarty,personagem,0,9672,0.9672,0.0
38,4,B038,38,The Adventure of the Second Stain,The Return of Sherlock Holmes,1904,0.5416666666666743,short_story,0,mycroft_holmes,personagem,0,9672,0.9672,0.0
38,5,B038,38,The Adventure of the Second Stain,The Return of Sherlock Holmes,1904,0.5416666666666743,short_story,0,inspector_lestrade,personagem,10,9672,0.9672,10.339
38,6,B038,38,The Adventure of the Second Stain,The Return of Sherlock Holmes,1904,0.5416666666666743,short_story,0,irene_adler,personagem,0,9672,0.9672,0.0
38,7,B038,38,The Adventure of the Second Stain,The Return of Sherlock Holmes,1904,0.5416666666666743,short_story,0,mrs_hudson,personagem,1,9672,0.9672,1.034
38,8,B038,38,The Adventure of the Second Stain,The Return of Sherlock Holmes,1904,0.5416666666666743,short_story,0,baker_street,lugar,1,9672,0.9672,1.034
38,9,B038,38,The Adventure of the Second Stain,The Return of Sherlock Holmes,1904,0.5416666666666743,short_story,0,london,lugar,8,9672,0.9672,8.271
38,10,B038,38,The Adventure of the Second Stain,The Return of Sherlock Holmes,1904,0.5416666666666743,short_story,0,deduction,tema,0,9672,0.9672,0.0
38,11,B038,38,The Adventure of the Second Stain,The Return of Sherlock Holmes,1904,0.5416666666666743,short_story,0,evidence,tema,2,9672,0.9672,2.068
38,12,B038,38,The Adventure of the Second Stain,The Return of Sherlock Holmes,1904,0.5416666666666743,short_story,0,crime,tema,15,9672,0.9672,15.509
39,1,B039,39,The Hound of the Baskervilles,Novel,1901,0.2416666666666742,novel,1,sherlock_holmes,personagem,192,59157,5.9157,32.456
39,2,B039,39,The Hound of the Baskervilles,Novel,1901,0.2416666666666742,novel,1,dr_watson,personagem,111,59157,5.9157,18.764
39,3,B039,39,The Hound of the Baskervilles,Novel,1901,0.2416666666666742,novel,1,professor_moriarty,personagem,0,59157,5.9157,0.0
39,4,B039,39,The Hound of the Baskervilles,Novel,1901,0.2416666666666742,novel,1,mycroft_holmes,personagem,0,59157,5.9157,0.0
39,5,B039,39,The Hound of the Baskervilles,Novel,1901,0.2416666666666742,novel,1,inspector_lestrade,personagem,10,59157,5.9157,1.69
39,6,B039,39,The Hound of the Baskervilles,Novel,1901,0.2416666666666742,novel,1,irene_adler,personagem,0,59157,5.9157,0.0
39,7,B039,39,The Hound of the Baskervilles,Novel,1901,0.2416666666666742,novel,1,mrs_hudson,personagem,0,59157,5.9157,0.0
39,8,B039,39,The Hound of the Baskervilles,Novel,1901,0.2416666666666742,novel,1,baker_street,lugar,14,59157,5.9157,2.367
39,9,B039,39,The Hound of the Baskervilles,Novel,1901,0.2416666666666742,novel,1,london,lugar,49,59157,5.9157,8.283
39,10,B039,39,The Hound of the Baskervilles,Novel,1901,0.2416666666666742,novel,1,deduction,tema,0,59157,5.9157,0.0
39,11,B039,39,The Hound of the Baskervilles,Novel,1901,0.2416666666666742,novel,1,evidence,tema,15,59157,5.9157,2.536
39,12,B039,39,The Hound of the Baskervilles,Novel,1901,0.2416666666666742,novel,1,crime,tema,23,59157,5.9157,3.888
40,1,B040,40,The Valley of Fear,Novel,1914,1.5416666666666743,novel,1,sherlock_holmes,personagem,151,57790,5.779,26.129
40,2,B040,40,The Valley of Fear,Novel,1914,1.5416666666666743,novel,1,dr_watson,personagem,56,57790,5.779,9.69
40,3,B040,40,The Valley of Fear,Novel,1914,1.5416666666666743,novel,1,professor_moriarty,personagem,15,57790,5.779,2.596
40,4,B040,40,The Valley of Fear,Novel,1914,1.5416666666666743,novel,1,mycroft_holmes,personagem,0,57790,5.779,0.0
40,5,B040,40,The Valley of Fear,Novel,1914,1.5416666666666743,novel,1,inspector_lestrade,personagem,0,57790,5.779,0.0
40,6,B040,40,The Valley of Fear,Novel,1914,1.5416666666666743,novel,1,irene_adler,personagem,0,57790,5.779,0.0
40,7,B040,40,The Valley of Fear,Novel,1914,1.5416666666666743,novel,1,mrs_hudson,personagem,1,57790,5.779,0.173
40,8,B040,40,The Valley of Fear,Novel,1914,1.5416666666666743,novel,1,baker_street,lugar,1,57790,5.779,0.173
40,9,B040,40,The Valley of Fear,Novel,1914,1.5416666666666743,novel,1,london,lugar,18,57790,5.779,3.115
40,10,B040,40,The Valley of Fear,Novel,1914,1.5416666666666743,novel,1,deduction,tema,0,57790,5.779,0.0
40,11,B040,40,The Valley of Fear,Novel,1914,1.5416666666666743,novel,1,evidence,tema,14,57790,5.779,2.423
40,12,B040,40,The Valley of Fear,Novel,1914,1.5416666666666743,novel,1,crime,tema,59,57790,5.779,10.209
41,1,B041,41,The Adventure of Wisteria Lodge,His Last Bow,1908,0.9416666666666742,short_story,0,sherlock_holmes,personagem,62,11397,1.1397,54.4
41,2,B041,41,The Adventure of Wisteria Lodge,His Last Bow,1908,0.9416666666666742,short_story,0,dr_watson,personagem,20,11397,1.1397,17.548
41,3,B041,41,The Adventure of Wisteria Lodge,His Last Bow,1908,0.9416666666666742,short_story,0,professor_moriarty,personagem,0,11397,1.1397,0.0
41,4,B041,41,The Adventure of Wisteria Lodge,His Last Bow,1908,0.9416666666666742,short_story,0,mycroft_holmes,personagem,0,11397,1.1397,0.0
41,5,B041,41,The Adventure of Wisteria Lodge,His Last Bow,1908,0.9416666666666742,short_story,0,inspector_lestrade,personagem,0,11397,1.1397,0.0
41,6,B041,41,The Adventure of Wisteria Lodge,His Last Bow,1908,0.9416666666666742,short_story,0,irene_adler,personagem,0,11397,1.1397,0.0
41,7,B041,41,The Adventure of Wisteria Lodge,His Last Bow,1908,0.9416666666666742,short_story,0,mrs_hudson,personagem,2,11397,1.1397,1.755
41,8,B041,41,The Adventure of Wisteria Lodge,His Last Bow,1908,0.9416666666666742,short_story,0,baker_street,lugar,1,11397,1.1397,0.877
41,9,B041,41,The Adventure of Wisteria Lodge,His Last Bow,1908,0.9416666666666742,short_story,0,london,lugar,3,11397,1.1397,2.632
41,10,B041,41,The Adventure of Wisteria Lodge,His Last Bow,1908,0.9416666666666742,short_story,0,deduction,tema,0,11397,1.1397,0.0
41,11,B041,41,The Adventure of Wisteria Lodge,His Last Bow,1908,0.9416666666666742,short_story,0,evidence,tema,6,11397,1.1397,5.265
41,12,B041,41,The Adventure of Wisteria Lodge,His Last Bow,1908,0.9416666666666742,short_story,0,crime,tema,16,11397,1.1397,14.039
42,1,B042,42,The Adventure of the Cardboard Box,His Last Bow,1893,-0.5583333333333258,short_story,0,sherlock_holmes,personagem,28,8650,0.865,32.37
42,2,B042,42,The Adventure of the Cardboard Box,His Last Bow,1893,-0.5583333333333258,short_story,0,dr_watson,personagem,9,8650,0.865,10.405
42,3,B042,42,The Adventure of the Cardboard Box,His Last Bow,1893,-0.5583333333333258,short_story,0,professor_moriarty,personagem,0,8650,0.865,0.0
42,4,B042,42,The Adventure of the Cardboard Box,His Last Bow,1893,-0.5583333333333258,short_story,0,mycroft_holmes,personagem,0,8650,0.865,0.0
42,5,B042,42,The Adventure of the Cardboard Box,His Last Bow,1893,-0.5583333333333258,short_story,0,inspector_lestrade,personagem,23,8650,0.865,26.59
42,6,B042,42,The Adventure of the Cardboard Box,His Last Bow,1893,-0.5583333333333258,short_story,0,irene_adler,personagem,0,8650,0.865,0.0
42,7,B042,42,The Adventure of the Cardboard Box,His Last Bow,1893,-0.5583333333333258,short_story,0,mrs_hudson,personagem,0,8650,0.865,0.0
42,8,B042,42,The Adventure of the Cardboard Box,His Last Bow,1893,-0.5583333333333258,short_story,0,baker_street,lugar,2,8650,0.865,2.312
42,9,B042,42,The Adventure of the Cardboard Box,His Last Bow,1893,-0.5583333333333258,short_story,0,london,lugar,2,8650,0.865,2.312
42,10,B042,42,The Adventure of the Cardboard Box,His Last Bow,1893,-0.5583333333333258,short_story,0,deduction,tema,0,8650,0.865,0.0
42,11,B042,42,The Adventure of the Cardboard Box,His Last Bow,1893,-0.5583333333333258,short_story,0,evidence,tema,1,8650,0.865,1.156
42,12,B042,42,The Adventure of the Cardboard Box,His Last Bow,1893,-0.5583333333333258,short_story,0,crime,tema,9,8650,0.865,10.405
43,1,B043,43,The Adventure of the Red Circle,His Last Bow,1911,1.2416666666666742,short_story,0,sherlock_holmes,personagem,31,7324,0.7324,42.327
43,2,B043,43,The Adventure of the Red Circle,His Last Bow,1911,1.2416666666666742,short_story,0,dr_watson,personagem,28,7324,0.7324,38.23
43,3,B043,43,The Adventure of the Red Circle,His Last Bow,1911,1.2416666666666742,short_story,0,professor_moriarty,personagem,0,7324,0.7324,0.0
43,4,B043,43,The Adventure of the Red Circle,His Last Bow,1911,1.2416666666666742,short_story,0,mycroft_holmes,personagem,0,7324,0.7324,0.0
43,5,B043,43,The Adventure of the Red Circle,His Last Bow,1911,1.2416666666666742,short_story,0,inspector_lestrade,personagem,0,7324,0.7324,0.0
43,6,B043,43,The Adventure of the Red Circle,His Last Bow,1911,1.2416666666666742,short_story,0,irene_adler,personagem,0,7324,0.7324,0.0
43,7,B043,43,The Adventure of the Red Circle,His Last Bow,1911,1.2416666666666742,short_story,0,mrs_hudson,personagem,0,7324,0.7324,0.0
43,8,B043,43,The Adventure of the Red Circle,His Last Bow,1911,1.2416666666666742,short_story,0,baker_street,lugar,0,7324,0.7324,0.0
43,9,B043,43,The Adventure of the Red Circle,His Last Bow,1911,1.2416666666666742,short_story,0,london,lugar,9,7324,0.7324,12.288
43,10,B043,43,The Adventure of the Red Circle,His Last Bow,1911,1.2416666666666742,short_story,0,deduction,tema,0,7324,0.7324,0.0
43,11,B043,43,The Adventure of the Red Circle,His Last Bow,1911,1.2416666666666742,short_story,0,evidence,tema,1,7324,0.7324,1.365
43,12,B043,43,The Adventure of the Red Circle,His Last Bow,1911,1.2416666666666742,short_story,0,crime,tema,1,7324,0.7324,1.365
44,1,B044,44,The Adventure of the Bruce-Partington Plans,His Last Bow,1908,0.9416666666666742,short_story,0,sherlock_holmes,personagem,62,10685,1.0685,58.025
44,2,B044,44,The Adventure of the Bruce-Partington Plans,His Last Bow,1908,0.9416666666666742,short_story,0,dr_watson,personagem,24,10685,1.0685,22.461
44,3,B044,44,The Adventure of the Bruce-Partington Plans,His Last Bow,1908,0.9416666666666742,short_story,0,professor_moriarty,personagem,0,10685,1.0685,0.0
44,4,B044,44,The Adventure of the Bruce-Partington Plans,His Last Bow,1908,0.9416666666666742,short_story,0,mycroft_holmes,personagem,28,10685,1.0685,26.205
44,5,B044,44,The Adventure of the Bruce-Partington Plans,His Last Bow,1908,0.9416666666666742,short_story,0,inspector_lestrade,personagem,13,10685,1.0685,12.167
44,6,B044,44,The Adventure of the Bruce-Partington Plans,His Last Bow,1908,0.9416666666666742,short_story,0,irene_adler,personagem,0,10685,1.0685,0.0
44,7,B044,44,The Adventure of the Bruce-Partington Plans,His Last Bow,1908,0.9416666666666742,short_story,0,mrs_hudson,personagem,0,10685,1.0685,0.0
44,8,B044,44,The Adventure of the Bruce-Partington Plans,His Last Bow,1908,0.9416666666666742,short_story,0,baker_street,lugar,3,10685,1.0685,2.808
44,9,B044,44,The Adventure of the Bruce-Partington Plans,His Last Bow,1908,0.9416666666666742,short_story,0,london,lugar,24,10685,1.0685,22.461
44,10,B044,44,The Adventure of the Bruce-Partington Plans,His Last Bow,1908,0.9416666666666742,short_story,0,deduction,tema,0,10685,1.0685,0.0
44,11,B044,44,The Adventure of the Bruce-Partington Plans,His Last Bow,1908,0.9416666666666742,short_story,0,evidence,tema,2,10685,1.0685,1.872
44,12,B044,44,The Adventure of the Bruce-Partington Plans,His Last Bow,1908,0.9416666666666742,short_story,0,crime,tema,9,10685,1.0685,8.423
45,1,B045,45,The Adventure of the Dying Detective,His Last Bow,1913,1.4416666666666742,short_story,0,sherlock_holmes,personagem,50,5794,0.5794,86.296
45,2,B045,45,The Adventure of the Dying Detective,His Last Bow,1913,1.4416666666666742,short_story,0,dr_watson,personagem,46,5794,0.5794,79.392
45,3,B045,45,The Adventure of the Dying Detective,His Last Bow,1913,1.4416666666666742,short_story,0,professor_moriarty,personagem,0,5794,0.5794,0.0
45,4,B045,45,The Adventure of the Dying Detective,His Last Bow,1913,1.4416666666666742,short_story,0,mycroft_holmes,personagem,0,5794,0.5794,0.0
45,5,B045,45,The Adventure of the Dying Detective,His Last Bow,1913,1.4416666666666742,short_story,0,inspector_lestrade,personagem,0,5794,0.5794,0.0
45,6,B045,45,The Adventure of the Dying Detective,His Last Bow,1913,1.4416666666666742,short_story,0,irene_adler,personagem,0,5794,0.5794,0.0
45,7,B045,45,The Adventure of the Dying Detective,His Last Bow,1913,1.4416666666666742,short_story,0,mrs_hudson,personagem,4,5794,0.5794,6.904
45,8,B045,45,The Adventure of the Dying Detective,His Last Bow,1913,1.4416666666666742,short_story,0,baker_street,lugar,0,5794,0.5794,0.0
45,9,B045,45,The Adventure of the Dying Detective,His Last Bow,1913,1.4416666666666742,short_story,0,london,lugar,7,5794,0.5794,12.081
45,10,B045,45,The Adventure of the Dying Detective,His Last Bow,1913,1.4416666666666742,short_story,0,deduction,tema,0,5794,0.5794,0.0
45,11,B045,45,The Adventure of the Dying Detective,His Last Bow,1913,1.4416666666666742,short_story,0,evidence,tema,1,5794,0.5794,1.726
45,12,B045,45,The Adventure of the Dying Detective,His Last Bow,1913,1.4416666666666742,short_story,0,crime,tema,3,5794,0.5794,5.178
46,1,B046,46,The Disappearance of Lady Frances Carfax,His Last Bow,1911,1.2416666666666742,short_story,0,sherlock_holmes,personagem,54,7686,0.7686,70.258
46,2,B046,46,The Disappearance of Lady Frances Carfax,His Last Bow,1911,1.2416666666666742,short_story,0,dr_watson,personagem,26,7686,0.7686,33.828
46,3,B046,46,The Disappearance of Lady Frances Carfax,His Last Bow,1911,1.2416666666666742,short_story,0,professor_moriarty,personagem,0,7686,0.7686,0.0
46,4,B046,46,The Disappearance of Lady Frances Carfax,His Last Bow,1911,1.2416666666666742,short_story,0,mycroft_holmes,personagem,0,7686,0.7686,0.0
46,5,B046,46,The Disappearance of Lady Frances Carfax,His Last Bow,1911,1.2416666666666742,short_story,0,inspector_lestrade,personagem,5,7686,0.7686,6.505
46,6,B046,46,The Disappearance of Lady Frances Carfax,His Last Bow,1911,1.2416666666666742,short_story,0,irene_adler,personagem,0,7686,0.7686,0.0
46,7,B046,46,The Disappearance of Lady Frances Carfax,His Last Bow,1911,1.2416666666666742,short_story,0,mrs_hudson,personagem,1,7686,0.7686,1.301
46,8,B046,46,The Disappearance of Lady Frances Carfax,His Last Bow,1911,1.2416666666666742,short_story,0,baker_street,lugar,2,7686,0.7686,2.602
46,9,B046,46,The Disappearance of Lady Frances Carfax,His Last Bow,1911,1.2416666666666742,short_story,0,london,lugar,12,7686,0.7686,15.613
46,10,B046,46,The Disappearance of Lady Frances Carfax,His Last Bow,1911,1.2416666666666742,short_story,0,deduction,tema,1,7686,0.7686,1.301
46,11,B046,46,The Disappearance of Lady Frances Carfax,His Last Bow,1911,1.2416666666666742,short_story,0,evidence,tema,0,7686,0.7686,0.0
46,12,B046,46,The Disappearance of Lady Frances Carfax,His Last Bow,1911,1.2416666666666742,short_story,0,crime,tema,4,7686,0.7686,5.204
47,1,B047,47,The Adventure of the Devil's Foot,His Last Bow,1910,1.1416666666666742,short_story,0,sherlock_holmes,personagem,59,9998,0.9998,59.012
47,2,B047,47,The Adventure of the Devil's Foot,His Last Bow,1910,1.1416666666666742,short_story,0,dr_watson,personagem,26,9998,0.9998,26.005
47,3,B047,47,The Adventure of the Devil's Foot,His Last Bow,1910,1.1416666666666742,short_story,0,professor_moriarty,personagem,0,9998,0.9998,0.0
47,4,B047,47,The Adventure of the Devil's Foot,His Last Bow,1910,1.1416666666666742,short_story,0,mycroft_holmes,personagem,0,9998,0.9998,0.0
47,5,B047,47,The Adventure of the Devil's Foot,His Last Bow,1910,1.1416666666666742,short_story,0,inspector_lestrade,personagem,0,9998,0.9998,0.0
47,6,B047,47,The Adventure of the Devil's Foot,His Last Bow,1910,1.1416666666666742,short_story,0,irene_adler,personagem,0,9998,0.9998,0.0
47,7,B047,47,The Adventure of the Devil's Foot,His Last Bow,1910,1.1416666666666742,short_story,0,mrs_hudson,personagem,0,9998,0.9998,0.0
47,8,B047,47,The Adventure of the Devil's Foot,His Last Bow,1910,1.1416666666666742,short_story,0,baker_street,lugar,0,9998,0.9998,0.0
47,9,B047,47,The Adventure of the Devil's Foot,His Last Bow,1910,1.1416666666666742,short_story,0,london,lugar,3,9998,0.9998,3.001
47,10,B047,47,The Adventure of the Devil's Foot,His Last Bow,1910,1.1416666666666742,short_story,0,deduction,tema,1,9998,0.9998,1.0
47,11,B047,47,The Adventure of the Devil's Foot,His Last Bow,1910,1.1416666666666742,short_story,0,evidence,tema,5,9998,0.9998,5.001
47,12,B047,47,The Adventure of the Devil's Foot,His Last Bow,1910,1.1416666666666742,short_story,0,crime,tema,2,9998,0.9998,2.0
48,1,B048,48,His Last Bow,His Last Bow,1917,1.8416666666666743,short_story,0,sherlock_holmes,personagem,22,6070,0.607,36.244
48,2,B048,48,His Last Bow,His Last Bow,1917,1.8416666666666743,short_story,0,dr_watson,personagem,17,6070,0.607,28.007
48,3,B048,48,His Last Bow,His Last Bow,1917,1.8416666666666743,short_story,0,professor_moriarty,personagem,1,6070,0.607,1.647
48,4,B048,48,His Last Bow,His Last Bow,1917,1.8416666666666743,short_story,0,mycroft_holmes,personagem,0,6070,0.607,0.0
48,5,B048,48,His Last Bow,His Last Bow,1917,1.8416666666666743,short_story,0,inspector_lestrade,personagem,0,6070,0.607,0.0
48,6,B048,48,His Last Bow,His Last Bow,1917,1.8416666666666743,short_story,0,irene_adler,personagem,1,6070,0.607,1.647
48,7,B048,48,His Last Bow,His Last Bow,1917,1.8416666666666743,short_story,0,mrs_hudson,personagem,0,6070,0.607,0.0
48,8,B048,48,His Last Bow,His Last Bow,1917,1.8416666666666743,short_story,0,baker_street,lugar,0,6070,0.607,0.0
48,9,B048,48,His Last Bow,His Last Bow,1917,1.8416666666666743,short_story,0,london,lugar,5,6070,0.607,8.237
48,10,B048,48,His Last Bow,His Last Bow,1917,1.8416666666666743,short_story,0,deduction,tema,0,6070,0.607,0.0
48,11,B048,48,His Last Bow,His Last Bow,1917,1.8416666666666743,short_story,0,evidence,tema,1,6070,0.607,1.647
48,12,B048,48,His Last Bow,His Last Bow,1917,1.8416666666666743,short_story,0,crime,tema,1,6070,0.607,1.647
