stat,observed,rep_median,rep_q05,rep_q95,p_rep_ge_obs,p_rep_le_obs
mean,0.33097477318960183,0.33312823175262235,0.32891065450484264,0.3380091832762063,0.82,0.18
median,0.2995037221,0.306583455,0.2998090285,0.31442700199999996,0.96,0.04
sd,0.18655155920526578,0.18657850385377023,0.1829108932138203,0.19129249030429357,0.5033333333333333,0.49666666666666665
q10,0.11456352101000002,0.111919877,0.10478801000000001,0.11933200960000001,0.29,0.71
q90,0.6010705182600001,0.597786382,0.58522871435,0.6112150013000001,0.3233333333333333,0.6766666666666666
zeros,5.0,4.0,1.0,10.0,0.48333333333333334,0.6433333333333333
ones,1.0,1.0,0.0,5.0,0.6866666666666666,0.56
interior_mean,0.3318410725210057,0.3336104841537514,0.32993870535551395,0.3372396258461422,0.79,0.21
interior_median,0.30068951735000005,0.30719662999999997,0.3010009505,0.3146327925,0.9633333333333334,0.03666666666666667
interior_sd,0.18468620417417306,0.18422702684502995,0.1809068847580222,0.1873299835413454,0.4166666666666667,0.5833333333333334
interior_q10,0.11750233223,0.11410916700000001,0.10736117805,0.12086560815000001,0.22,0.78
interior_q90,0.6004587935400001,0.596490062,0.58380658755,0.6091452661000001,0.2966666666666667,0.7033333333333334