dataset_id,path_scope,versioned,source_name,publisher,source_url,license_status,license_or_terms,redistribution_status,review_priority,notes
therapeutic_touch,data/raw/TherapeuticTouchData.csv,yes,JAMA article / dataset reconstruction,JAMA / original authors,https://doi.org/10.1001/jama.279.13.1005,not_identified,No dataset license documented in the repository,review_required,high,MIT repository license must not be assumed to cover this third-party dataset
batting_average,data/raw/BattingAverage.csv,yes,MLB 2012 batting data as used by Kruschke / ESPN,ESPN / MLB / secondary compilation,,not_identified,No dataset license documented in the repository,review_required,high,MIT repository license must not be assumed to cover this third-party dataset
mortality,data/raw/mortality/Dados_Mortalidade.xlsx,yes,Source not documented,unknown,,not_identified,Source and license both unresolved,review_required,high,Provenance should be completed before external redistribution
isus_sia,data/raw/isus_sia/ISUS_SIA_PARS.zip,yes,ISUS/SIA project extract,unknown,,not_identified,Source permissions and data classification not documented,review_required,high,Review institutional permission and privacy/LGPD constraints before redistribution
saheart,data/raw/SAheart.data,no,Elements of Statistical Learning SAheart dataset,Hastie Tibshirani Friedman,https://hastie.su.domains/ElemStatLearn/datasets/SAheart.data,not_identified,Public download located but dataset reuse license not established,not_versioned,low,Script downloads source directly when local file is absent
rs_seguro_macrocrime,data/raw/rs_seguro/rs_month_macrocrime.csv,yes,RS Seguro operational dataset,unknown,,not_identified,Institutional redistribution policy not documented,review_required,high,Exact originating system and permission should be recorded
rs_seguro_macrocrime_profile,data/raw/rs_seguro/rs_month_macrocrime_profile_v1_1vict.csv,yes,RS Seguro operational dataset,unknown,,not_identified,Institutional redistribution policy not documented,review_required,high,Exact originating system and permission should be recorded
rs_seguro_crime_optional,data/raw/rs_seguro/rs_month_crime.csv,no,RS Seguro optional crime-layer dataset,unknown,,not_identified,Institutional redistribution policy not documented,not_versioned,medium,Do not add to Git until provenance and permission are recorded
deter_mensal_bioma_uf,data/raw/deter_mensal_bioma_uf.csv,no,DETER monthly biome/UF extract,likely INPE / TerraBrasilis,,not_identified,Exact extraction source and reuse terms not documented,not_versioned,medium,Document exact endpoint/export before adding a local copy
consumer_shopping_trends,data/raw/consumer_shopping_trends/,no,Consumer Shopping Trends Analysis,Kaggle contributor,https://www.kaggle.com/datasets/minahilfatima12328/consumer-shopping-trends-analysis,page_specific_unverified,Kaggle licenses are dataset-specific; exact license must be checked on the dataset page,not_versioned,low,Raw CSV intentionally excluded from Git
mega_sena_dezenas,data/raw/mega_sena_dezenas/,yes,Mega-Sena historical results prepared for the study,CAIXA / project derivation,,not_identified,Exact official extraction source and redistribution terms not documented,review_required,medium,Derived analytical and audit files are also stored in this directory
censo_escolar,data/raw/censo_escolar/,no,Microdados do Censo Escolar,INEP,https://www.gov.br/inep/pt-br/acesso-a-informacao/dados-abertos/microdados/censo-escolar,public_source_no_explicit_dataset_license,Official public microdata; landing page documents public access/privacy but no explicit reuse license was identified,not_versioned,low,ZIPs are downloaded to local cache and ignored by Git
sat,data/raw/SAT.csv,no,Rdatasets / mosaicData SAT dataset,Rdatasets / mosaicData,https://vincentarelbundock.github.io/Rdatasets/csv/mosaicData/SAT.csv,not_identified,Public mirror located; underlying dataset/package terms should be checked before redistribution,not_versioned,low,Script reads URL directly
pnadc_desocupacao,data/raw/pnadc_desocupacao/,yes,PNAD Contínua / SIDRA tables 6381 and 4093,IBGE,https://sidra.ibge.gov.br/,public_source_no_explicit_dataset_license,Official public statistical source; exact per-dataset reuse license not identified in the audited pages,review_required,medium,Keep source table identifiers and attribution with extracts
pms_servicos,data/raw/pms_servicos/,yes,PMS / SIDRA table 5906 analytical extract,IBGE,https://sidra.ibge.gov.br/,public_source_no_explicit_dataset_license,Official public statistical source; exact per-dataset reuse license not identified in the audited pages,review_required,medium,Versioned file is an analytical consolidation rather than the untouched source export
retractions_time_to_retraction,data/raw/retractions_time_to_retraction/,no,Global Scientific Retractions 1927-2026,Kaggle contributor,https://www.kaggle.com/datasets/kanchana1990/global-scientific-retractions-19272026,page_specific_unverified,Kaggle licenses are dataset-specific; exact license must be checked on the dataset page,not_versioned,low,Raw CSV intentionally excluded from Git
importacoes_world_bank,data/raw/importacoes_world_bank/world_bank_Import_Usd_enriched.csv,yes,World Bank annual import data enriched in the project,World Bank,https://datacatalog.worldbank.org/public-licenses,partial_verified,World Bank-produced open datasets default to CC BY 4.0 unless dataset metadata states otherwise; enriched fields may have separate provenance,review_required,medium,Do not label the whole enriched file CC BY 4.0 until all added fields are traced
exercises_dataset,data/raw/exercises_dataset/final_exercise_dataset.csv,yes,Exercises Dataset,Kaggle contributor,,page_specific_unverified,Exact Kaggle source URL and dataset license are not recorded,review_required,high,Add the exact Kaggle dataset page and license before further redistribution
sherlock_holmes_terms,data/raw/sherlock_holmes_terms/,yes,Sherlock Holmes full-text dataset / analytical package,unknown,,not_identified,Underlying corpus source and dataset terms are not recorded,review_required,high,Public-domain status of literary works does not by itself establish the license of a compiled dataset
missing_migrants,data/raw/missing_migrants/,yes,Missing Migrants Project,IOM,https://missingmigrants.iom.int/downloads,not_identified,Official download/source identified but an explicit license for the downloadable dataset was not established in this audit,review_required,high,IOM publication licensing must not be assumed to govern the downloadable data file
sobrevivencia_cadastral_poa,data/raw/sobrevivencia_cadastral_poa/,yes,CNPJ + Porto Alegre permits aggregated for modeling,Receita Federal / Prefeitura de Porto Alegre,,source_terms_unverified,Only aggregated model inputs and audit outputs are published; individual records are intentionally excluded,aggregates_only,medium,Maintain no-CNPJ/no-address publication rule and document exact source endpoints when available
prisons_prisoners_unodc,data/raw/prisons_prisoners_unodc/,yes,UNODC Research Data Portal - Prisons and Prisoners,UNODC,https://dataunodc.un.org/dp-prisons-persons-held-regional,attribution_documented_license_unverified,Official metadata provides a suggested citation; a blanket redistribution license for this dataset was not established in this audit,review_required,medium,Preserve UNODC citation and metadata/footnotes; do not infer terms from unrelated UNODC restricted microdata products
