variable,mean,median,sd,mad,q5,q95,rhat,ess_bulk,ess_tail
alpha,-2.48331882955,-2.4831921,0.3730287236527732,0.3645732673800001,-3.096490975,-1.8641699950000001,1.0049249489723002,382.24041744475875,788.2336946013463
beta_time,0.09221787480148,0.091407904,0.04644344075497236,0.0449674188621,0.01633474555,0.17200910149999996,1.0144047341500841,522.2107854391634,864.6902449672983
sigma_group_intercept,2.03993065715,2.0289767,0.23306258933288904,0.2428409844,1.67673192,2.4421346599999993,1.0014515313211267,648.5597235999683,880.2736526322544
sigma_group_slope,0.2403756632825,0.237391425,0.034979331835493635,0.035289408587999976,0.188249786,0.3031801564999999,1.0052620510944879,783.1441592017613,1592.2751313416877
sigma_month,0.1545559749215725,0.147478215,0.0606255679297633,0.052457916588,0.06833841685,0.2615929879999999,1.0026938109038799,1081.6677509628444,1033.0132075089432
phi,0.30569303274,0.30561765,0.00978053455185434,0.009908838492000034,0.289900279,0.32205405550000005,1.0013413145849213,5896.830519378909,2916.624510122254
group_intercept[1],1.691341899125,1.68559445,0.4044647000163259,0.3961655460000001,1.0440151050000002,2.359432645,1.004634596408822,435.2932161073219,1021.997821968983
group_intercept[2],1.204130091921,1.1983880999999998,0.4017821317852764,0.394991074758,0.5534165765000001,1.8663721099999995,1.0046877592963084,438.71663570287296,1149.5023140660064
group_intercept[3],-2.2615271507,-2.2653993000000003,0.4597059143816391,0.46255652226000055,-2.9935919350000004,-1.5145409350000003,1.002518016126837,591.7812952569341,1422.773840211355
group_intercept[4],-4.8715042579,-4.846182499999999,0.7499869249459404,0.7466626383299998,-6.17543727,-3.71294539,1.0010372388410291,1185.7308596039675,1812.5301917531685
group_intercept[5],0.2395258967308275,0.230300695,0.4003857393503347,0.39422506722899997,-0.42017900999999996,0.8981914859999993,1.0036036530696768,450.60606805416904,1059.5442614905567
group_intercept[6],3.984020565925,3.97626045,0.40169280464837415,0.38727802616999984,3.3255049550000004,4.644552384999999,1.003827479751578,423.3379289739762,931.5537738755708
group_intercept[7],-4.1606928535,-4.1529354000000005,0.5677346619263873,0.5555815920900009,-5.11056371,-3.23838753,1.0024663692997706,783.4984614864496,1687.3816890320186
group_intercept[8],-0.110251497909144,-0.11480580500000001,0.4060956219928058,0.39372648367499996,-0.7627370800000001,0.5814503014999999,1.004248378013654,436.1762448190626,956.6770688719123
group_intercept[9],-0.12544189503859499,-0.133993805,0.3971187108703734,0.39255256840799996,-0.772177965,0.5332804294999995,1.0045298967984206,428.6663949638871,1059.417348324499
group_intercept[10],1.856566626985,1.8518767999999999,0.3996029216931842,0.3873309549899998,1.20204007,2.51284835,1.004369767477976,434.3051177812747,1054.1926436183473
group_intercept[11],2.2827315368025,2.2757046,0.3998618681298672,0.39842917968000013,1.6208335150000002,2.942156785,1.004807856747257,437.0631037813099,1087.2675518862052
group_intercept[12],-1.954011676645,-1.95611105,0.4223775108311663,0.4201062001500001,-2.6395073049999995,-1.263232755,1.004065183092981,502.6268445602236,1158.3965299231074
group_intercept[13],-1.99631086721,-2.00451135,0.4355706881964891,0.43888977845999994,-2.6889273300000003,-1.273317475,1.0035827666478818,501.539363032832,1211.804739234273
group_intercept[14],-0.5437402064226375,-0.555907775,0.4102128534242991,0.4023186028679999,-1.20626382,0.13242279099999987,1.0042457025139437,450.0460686466616,1064.7004135825355
group_intercept[15],-2.35111708354,-2.3499296999999997,0.42911100831755317,0.4294410945299996,-3.05007838,-1.6508305350000003,1.0037654936046316,518.5409638398693,1213.793742262795
group_intercept[16],-0.28870249538628,-0.288171945,0.40051001318577356,0.3916513766696999,-0.944170738,0.35238549449999984,1.0041858309862344,460.0079230673087,1058.5440312310454
group_intercept[17],0.26570611539488,0.25839058,0.4024068604388208,0.39139723753200006,-0.38332862,0.9399981204999999,1.0040450226314774,431.16612474121,1010.5339773726052
group_intercept[18],-1.982960521895,-1.9901403000000002,0.4271153397886371,0.4279897032599999,-2.66623718,-1.27857443,1.0031573580305078,526.464584231775,1313.0793964555169
group_intercept[19],0.1279038920700825,0.125829425,0.4027940357321392,0.378553762839,-0.538105388,0.8049491084999995,1.004881661265028,455.2901754401672,1057.5312177847693
group_intercept[20],2.8429164333,2.8413015,0.4027048184607551,0.3961539075900002,2.182880945,3.5085550899999998,1.0040653553455172,408.4088380452613,832.2374087534394
group_intercept[21],-0.409939778307135,-0.403981505,0.40774737363372354,0.40635240905699993,-1.0731519200000001,0.25049913649999955,1.0047720220647824,426.6421924247577,1001.9909867239871
group_intercept[22],-1.007258181101825,-1.00724455,0.4172307669454284,0.4089630600929999,-1.703141305,-0.31429346800000013,1.0038854153069448,460.56115641295463,1096.8189161607377
group_intercept[23],-0.40421745078967253,-0.41146518,0.4028331257687259,0.387152279451,-1.0697655549999998,0.2848158099999999,1.0042759192953543,452.53456289422644,958.7372394998058
group_intercept[24],2.7567023665,2.7512174,0.4009011981914671,0.39473757980999985,2.09708613,3.425936959999999,1.0037341857272992,430.5729194621379,1013.4747716562129
group_intercept[25],-3.083138642235,-3.0790145,0.4869798136815431,0.4696714455300002,-3.887477325,-2.2849209,1.0021481625926363,597.3904117854113,1444.1359595803742
group_intercept[26],2.974851174225,2.9720330500000003,0.3994769389125238,0.39667029717000013,2.3276543650000003,3.6331458899999998,1.0044954376583117,437.4976706588809,981.9618489144895
group_intercept[27],-0.908309372337875,-0.91224109,0.4109908827164702,0.4066293068459999,-1.5867570850000001,-0.2399902295000001,1.0039858255259677,447.04781008008393,1032.3845167947793
group_intercept[28],2.23558985691,2.23428505,0.3997550936851483,0.38763362778000005,1.5907929,2.8972031749999996,1.003543455754303,436.14896933589057,983.7644367724039
group_intercept[29],0.04104121258114275,0.0413944595,0.404713273372193,0.39905595624299994,-0.6264754635,0.7005420084999998,1.003400940216217,446.48305789702374,978.4698051521299
group_intercept[30],2.3975792626775,2.3971969,0.4010363856091596,0.39303570327000004,1.74118503,3.0678922849999997,1.0041418050277202,439.6702471692282,1017.5779726441378
group_slope[1],0.4025754959925,0.40170822,0.0663772847012001,0.06440739830700003,0.29551167,0.5133931324999998,1.0061653168507267,985.85576582186,2028.272003233129
group_slope[2],0.186263498559745,0.18631325999999998,0.05882968517883098,0.058596696018000015,0.0894765212,0.280753421,1.0107568243391727,792.9292074665909,1707.4950254699006
group_slope[3],0.448373567475,0.44704865,0.09782757287483006,0.09820418451900004,0.28996343099999994,0.612689439,1.0014662087599724,1985.722829836258,2573.9111860686444
group_slope[4],0.361126225263125,0.35468126,0.14339345639053913,0.142679145189,0.1369525135,0.6147243785,1.0032624813941973,2403.2138806248668,2551.0723074525927
group_slope[5],0.1562284756587425,0.157779055,0.063519000881243,0.062732623695,0.05187797075,0.25907973599999995,1.0086397622936711,899.973268866445,1771.6925689544714
group_slope[6],-0.1887289860867825,-0.188733035,0.058322668809811684,0.058231590942,-0.2870933915,-0.09305767660000006,1.008208378739234,755.6065987511155,1544.0218423199522
group_slope[7],-0.20873089335796,-0.205404225,0.11982561125223465,0.11612669098799999,-0.41301442,-0.01717560700000001,1.0017350629893906,3123.0622998650074,2449.3633016090535
group_slope[8],0.15146753724478,0.15042831,0.06757628172848892,0.06605817703799999,0.040751934950000006,0.2637335579999999,1.0044627679509828,1071.3079691872883,2011.320471345418
group_slope[9],0.1853205249492585,0.186489695,0.07289111779951328,0.07279961854199998,0.06812133375,0.3049836239999999,1.0045361507676178,1216.243654668895,2404.9285343910456
group_slope[10],-0.1227888006028375,-0.12261957500000001,0.058533909948796925,0.05856221222460001,-0.22062292300000003,-0.02793098505000005,1.0095605039275624,760.6156382004735,1359.251319692749
group_slope[11],0.05638086481823133,0.0551936055,0.05963046428299812,0.059844757593599994,-0.040922135,0.15502271149999997,1.0106042590989848,793.2779012830678,1452.823240749337
group_slope[12],-0.1677241129230925,-0.16637940499999998,0.07005108818850726,0.06880521986099998,-0.2876113215,-0.054005572600000024,1.0053027736976339,1112.161158244161,1984.3722409607074
group_slope[13],-0.38963752940225,-0.3869791,0.08991152429398189,0.09201971877000002,-0.5426180030000001,-0.24670702150000015,1.0030261070356181,1728.1929606721844,2624.419128564223
group_slope[14],0.155363994276335,0.15551829,0.06865262232001379,0.068042644551,0.04517336275000001,0.27098355399999996,1.0066157475476056,1125.9883046980249,1828.6390982226665
group_slope[15],-0.1474612964997225,-0.14644668,0.08195719131044164,0.0803350153263,-0.284507611,-0.014078234400000009,1.0037420419207925,1408.9260296987486,2188.3176870812367
group_slope[16],-0.0473851110436375,-0.046512054,0.061756104022706725,0.061605146499329994,-0.1468412955,0.05602969874999995,1.007952000259074,886.3348490474625,1565.7447831054667
group_slope[17],0.03515815452880242,0.035255465,0.06363123399449756,0.06380366920577998,-0.07008509225,0.14015253249999998,1.0073786834772893,877.3224711267495,1899.4690295837286
group_slope[18],-0.401085453675,-0.400142765,0.08030564087551342,0.08267022078000001,-0.5342852075000001,-0.2720095940000001,1.0045832616264576,1333.8955180744872,2052.316163050133
group_slope[19],-0.2390719051881475,-0.2386209,0.07011041915694506,0.070427836605,-0.356791567,-0.12700877900000002,1.005331002523358,1136.188593835647,2279.5206637914594
group_slope[20],-0.1793918381358,-0.1774453,0.0632789478600688,0.06359802472799998,-0.284528814,-0.07664554530000002,1.0080447123882958,820.7715888938548,1909.122247960136
group_slope[21],-0.037994092177425,-0.0370012165,0.06301707718647621,0.06306599268018,-0.1440325775,0.06454505444999999,1.0070385309012622,932.5120280150904,1828.3897440795547
group_slope[22],-0.47927243837,-0.47861228499999997,0.0759707447591614,0.07646595490800001,-0.6040535834999999,-0.356810808,1.0045762468920667,1218.3648703036195,2137.4589758812294
group_slope[23],0.07972354753473425,0.0787650835,0.07932435939864535,0.080618198598,-0.048221982200000006,0.209192115,1.0029676779304966,1476.7135905534628,2562.0598559052055
group_slope[24],-0.10179208734437376,-0.10159257,0.06274484062996448,0.06318535487879999,-0.20655910299999997,6.755184174999882e-4,1.009526649834964,851.1218582324348,1588.2128195806727
group_slope[25],0.2564274365224175,0.25479057,0.10177545352559432,0.10447144606500001,0.0963867532,0.4278914294999999,1.0018187126750036,2149.7740097742117,2491.4069361604666
group_slope[26],-0.078669301487212,-0.07876596699999999,0.062343067760680826,0.06150934229580002,-0.18030630450000001,0.02337982385,1.0082808098482319,863.3483258062777,1469.594717305426
group_slope[27],-0.01604622105276945,-0.01790045,0.08796433333925574,0.0852471026358,-0.16021786249999997,0.1337669,1.0040045020690165,1586.8165653293604,2669.7445635358304
group_slope[28],0.2122943248645675,0.212934055,0.06359961948228193,0.064073857785,0.107443819,0.3140709149999999,1.008368095522465,939.0422923599422,2002.9194520621993
group_slope[29],-0.046597300735642125,-0.0456467545,0.06664016025697267,0.06652672164822598,-0.15851926449999998,0.06039428435,1.0069064304200794,1015.1151521582884,1854.8861918676084
group_slope[30],0.045755087236459,0.045753173,0.065756860211349,0.06544350212337,-0.06084438354999999,0.15625179049999985,1.007249463576232,1026.643353591509,1954.636192250674
month_effect[1],-0.0391935270470408,-0.037443416,0.08394823135539291,0.0806692927005,-0.179613524,0.09602506689999994,1.0008299512860064,5174.767815345577,3056.4382022877876
month_effect[2],0.03050791465443255,0.026951957999999998,0.08272950996766304,0.07979644456769999,-0.1001351985,0.17171815899999995,1.0005133989635493,5554.795894612134,2740.202338474164
month_effect[3],-0.006273127899938325,-0.0058531502499999995,0.08336226627513137,0.080797170657,-0.143435508,0.13162404149999998,0.9997664884133781,6145.77634253621,3279.3122766637425
month_effect[4],-0.115150975379623,-0.111900515,0.08895635284260563,0.0895748654094,-0.26609902799999996,0.022999689899999967,1.0012300913826917,3419.7864671825955,3012.8637378295484
month_effect[5],-0.0065360296833893,-0.00685618925,0.08221165558057825,0.0802130344113,-0.140267782,0.1272454665,1.0008084467445324,5193.26641042449,3126.9692788184784
month_effect[6],-0.1915061524202325,-0.190723835,0.10078802167072151,0.10415000355899998,-0.3595853795,-0.023890930150000003,1.0016925674964012,1995.7593496668121,1294.9233903538743
month_effect[7],-0.0761688378378185,-0.072361231,0.08859380567401022,0.08669093338709999,-0.22822058249999996,0.06249858209999998,0.9998955431891425,5092.415037658771,3039.7440943916217
month_effect[8],-0.02866454433446365,-0.0294386585,0.08470399163314239,0.08256360701399999,-0.169666933,0.1134158745,0.9996280133253053,5893.879141385095,2912.9730322369774
month_effect[9],0.13559678032626357,0.133157075,0.08873613594406006,0.0900568653411,-0.004295973569999999,0.284308601,1.0005125980798844,3208.5368543053974,2657.836315609513
month_effect[10],0.14015895222360925,0.135594645,0.09262076217652519,0.09162056504370002,-0.0018577371199999951,0.3015053754999999,1.0022688225064755,2948.8082790963517,2524.1027152031015
month_effect[11],-0.02839566316692575,-0.027228288,0.08065270429592336,0.0776694280299,-0.16258777000000002,0.10483546949999999,0.9995421222590528,4681.3815426387855,3304.5715229300026
month_effect[12],0.18562521051897726,0.18412336,0.0950980406456759,0.09736283867100001,0.029260980750000005,0.3457655009999999,1.0006158347337817,2338.587463338527,1192.590764428581
rate_ratio_annual_global,1.097788334555,1.09571585,0.051117016851873004,0.04933662846000009,1.01646885,1.187688645,1.0144046439573875,522.2108007018638,864.6902449672983
